Date,Soy Futures Price (USD/Bushel),Grain Futures Price (USD/Bushel),Wheat Futures Price (USD/Bushel)
2020-03-05 16:10:19,11,3.21,8.14
2020-03-06 16:10:19,15.61,7.84,4.85
2020-03-07 16:10:19,13.86,6.99,4.15
2020-03-08 16:10:19,12.79,4.46,5.02
2020-03-09 16:10:19,9.25,7.9,5.7
2020-03-10 16:10:19,9.25,6.01,6.55
2020-03-11 16:10:19,8.46,5.91,7.08
2020-03-12 16:10:19,14.93,6.74,8.55
2020-03-13 16:10:19,12.81,7.06,6.55
2020-03-14 16:10:19,13.66,6.28,6.51
2020-03-15 16:10:19,8.16,3.64,4.25
2020-03-16 16:10:19,15.76,4.69,4.17
2020-03-17 16:10:19,14.66,7.64,6.76
2020-03-18 16:10:19,9.7,4.12,6.19
2020-03-19 16:10:19,9.45,4.86,8.2
2020-03-20 16:10:19,9.47,5.16,4.8
2020-03-21 16:10:19,10.43,5.2,4.12
2020-03-22 16:10:19,12.2,6.06,6.25
2020-03-23 16:10:19,11.46,7.72,5.19
2020-03-24 16:10:19,10.33,4.2,4.25
2020-03-25 16:10:19,12.89,3.61,7.62
2020-03-26 16:10:19,9.12,3.99,4.56
2020-03-27 16:10:19,10.34,7.43,7.04
2020-03-28 16:10:19,10.93,6.23,5.41
2020-03-29 16:10:19,11.65,4.43,4.87
2020-03-30 16:10:19,14.28,7.08,5.9
2020-03-31 16:10:19,9.6,7.31,8.01
2020-04-01 16:10:19,12.11,7.23,5.96
2020-04-02 16:10:19,12.74,7.59,7.75
2020-04-03 16:10:19,8.37,4.26,4.63
2020-04-04 16:10:19,12.86,6.78,7.86
2020-04-05 16:10:19,9.36,5.3,5.18
2020-04-06 16:10:19,8.52,7.21,7.39
2020-04-07 16:10:19,15.59,6.64,6.83
2020-04-08 16:10:19,15.73,6.88,8.65
2020-04-09 16:10:19,14.47,6.28,5.94
2020-04-10 16:10:19,10.44,3.89,4.33
2020-04-11 16:10:19,8.78,5.73,4.1
2020-04-12 16:10:19,13.47,7.92,8.13
2020-04-13 16:10:19,11.52,7.69,6.62
2020-04-14 16:10:19,8.98,3.22,7.88
2020-04-15 16:10:19,11.96,3.82,5.17
2020-04-16 16:10:19,8.28,3.66,5.73
2020-04-17 16:10:19,15.27,6.63,4.15
2020-04-18 16:10:19,10.07,7.09,8.81
2020-04-19 16:10:19,13.3,4.07,7.34
2020-04-20 16:10:19,10.49,5.53,8.67
2020-04-21 16:10:19,12.16,7.2,5.33
2020-04-22 16:10:19,12.37,6.66,7.06
2020-04-23 16:10:19,9.48,5.71,7.39
2020-04-24 16:10:19,15.76,5.95,5.59
2020-04-25 16:10:19,14.2,5.54,8.24
2020-04-26 16:10:19,15.52,4.49,8.74
2020-04-27 16:10:19,15.16,5.83,8.42
2020-04-28 16:10:19,12.78,6.44,7.7
2020-04-29 16:10:19,15.37,7.37,5.39
2020-04-30 16:10:19,8.71,6.18,5.41
2020-05-01 16:10:19,9.57,6.81,8.82
2020-05-02 16:10:19,8.36,3.8,4.05
2020-05-03 16:10:19,10.6,5.31,7.58
2020-05-04 16:10:19,11.11,3.05,7.53
2020-05-05 16:10:19,10.17,4.23,7.11
2020-05-06 16:10:19,14.63,6.63,8.95
2020-05-07 16:10:19,10.85,7.96,5.56
2020-05-08 16:10:19,10.25,3.5,5.7
2020-05-09 16:10:19,12.34,5.01,4.39
2020-05-10 16:10:19,9.13,7,6.21
2020-05-11 16:10:19,14.42,4.02,5.31
2020-05-12 16:10:19,8.6,5.78,5.72
2020-05-13 16:10:19,15.9,6.67,8.17
2020-05-14 16:10:19,14.18,6.08,8.68
2020-05-15 16:10:19,9.59,3.94,4.93
2020-05-16 16:10:19,8.04,4.78,5.86
2020-05-17 16:10:19,14.52,6.92,8.64
2020-05-18 16:10:19,13.65,5.77,4.31
2020-05-19 16:10:19,13.83,3.03,4.46
2020-05-20 16:10:19,14.17,6.8,4.81
2020-05-21 16:10:19,8.59,3.18,6.98
2020-05-22 16:10:19,10.87,6.73,4.75
2020-05-23 16:10:19,8.93,4.01,8.84
2020-05-24 16:10:19,14.9,7.79,6.23
2020-05-25 16:10:19,12.99,4.84,6.51
2020-05-26 16:10:19,10.65,4.63,5.23
2020-05-27 16:10:19,8.51,3.74,6.35
2020-05-28 16:10:19,10.49,4.53,7.31
2020-05-29 16:10:19,10.6,7.38,7.76
2020-05-30 16:10:19,13.84,7.98,7.77
2020-05-31 16:10:19,13.1,4.84,6.89
2020-06-01 16:10:19,15.1,5.24,8.52
2020-06-02 16:10:19,11.78,6.61,8.09
2020-06-03 16:10:19,8.96,7.43,7.79
2020-06-04 16:10:19,13.71,5.97,4.28
2020-06-05 16:10:19,14.09,4.96,4.03
2020-06-06 16:10:19,12.49,5.06,5.06
2020-06-07 16:10:19,14.17,6.48,7.32
2020-06-08 16:10:19,11.95,3.02,6.06
2020-06-09 16:10:19,12.18,6.1,6.01
2020-06-10 16:10:19,11.42,4.78,8.42
2020-06-11 16:10:19,8.2,6.97,8.48
2020-06-12 16:10:19,8.86,3.46,8.55
2020-06-13 16:10:19,8.25,5.94,5.57
2020-06-14 16:10:19,13.09,5.4,7.46
2020-06-15 16:10:19,10.51,6.21,5.36
2020-06-16 16:10:19,12.07,3.32,4.95
2020-06-17 16:10:19,15.26,5.9,4.92
2020-06-18 16:10:19,9.99,5.81,5.71
2020-06-19 16:10:19,11.28,5.8,6.15
2020-06-20 16:10:19,14.04,6.02,8.15
2020-06-21 16:10:19,9.83,6.38,4.6
2020-06-22 16:10:19,8.62,7.02,7.67
2020-06-23 16:10:19,10.32,4.35,6.66
2020-06-24 16:10:19,9.29,7.13,5.44
2020-06-25 16:10:19,15.44,5.49,6.46
2020-06-26 16:10:19,14.46,3.39,5.5
2020-06-27 16:10:19,13.07,3.29,6.98
2020-06-28 16:10:19,14.97,4.67,6.17
2020-06-29 16:10:19,14.43,6.92,4.82
2020-06-30 16:10:19,9.49,6.54,4.58
2020-07-01 16:10:19,15.14,6.94,6.73
2020-07-02 16:10:19,12.31,5.59,8.51
2020-07-03 16:10:19,14.46,5.2,5.72
2020-07-04 16:10:19,15.17,3.74,7.67
2020-07-05 16:10:19,10.54,4.64,7.29
2020-07-06 16:10:19,8.88,5.17,8.66
2020-07-07 16:10:19,9.82,3.44,8.1
2020-07-08 16:10:19,11.42,4.1,6.83
2020-07-09 16:10:19,14.54,5.99,7.29
2020-07-10 16:10:19,14.89,6.68,8.49
2020-07-11 16:10:19,8.06,7.99,6
2020-07-12 16:10:19,12.09,7.67,5.63
2020-07-13 16:10:19,11.34,6.21,4.05
2020-07-14 16:10:19,9.78,5.11,8.13
2020-07-15 16:10:19,8.96,6.18,8
2020-07-16 16:10:19,10.7,6.93,4.52
2020-07-17 16:10:19,15.54,3.59,6.88
2020-07-18 16:10:19,10.59,5.05,6.32
2020-07-19 16:10:19,12.15,7.2,4.59
2020-07-20 16:10:19,13.62,4.92,8.9
2020-07-21 16:10:19,10.91,5.86,5.07
2020-07-22 16:10:19,15.77,5.94,4.34
2020-07-23 16:10:19,15.7,3.92,6.97
2020-07-24 16:10:19,10.01,4.81,7.69
2020-07-25 16:10:19,11.98,4.67,4.16
2020-07-26 16:10:19,10.41,3.13,7.29
2020-07-27 16:10:19,10.28,3.12,6.66
2020-07-28 16:10:19,8.3,7.16,4.52
2020-07-29 16:10:19,12.88,4.37,4.86
2020-07-30 16:10:19,12.02,5.59,6.84
2020-07-31 16:10:19,8.41,4.49,5.48
2020-08-01 16:10:19,10.23,7.7,8.69
2020-08-02 16:10:19,15.27,4.3,8.09
2020-08-03 16:10:19,9.92,5.15,8.92
2020-08-04 16:10:19,9.16,7.36,5.3
2020-08-05 16:10:19,11.92,7.21,8.85
2020-08-06 16:10:19,15.89,3.93,6.16
2020-08-07 16:10:19,9.94,7.01,5.74
2020-08-08 16:10:19,13.38,5.29,4.25
2020-08-09 16:10:19,14.09,5.41,4.26
2020-08-10 16:10:19,9.9,3.67,7.46
2020-08-11 16:10:19,13.83,3.4,6.29
2020-08-12 16:10:19,10.94,6.64,5.13
2020-08-13 16:10:19,13.06,5.48,7.07
2020-08-14 16:10:19,13.07,5.18,5.26
2020-08-15 16:10:19,12.29,6.65,6.89
2020-08-16 16:10:19,8.72,6.83,5.8
2020-08-17 16:10:19,14.68,3.79,8.12
2020-08-18 16:10:19,10.57,6.05,8.1
2020-08-19 16:10:19,9.49,3.68,6.39
2020-08-20 16:10:19,8.33,6.76,5.75
2020-08-21 16:10:19,12.73,6.28,5.81
2020-08-22 16:10:19,13.42,7.78,8.03
2020-08-23 16:10:19,8.13,3.34,5.64
2020-08-24 16:10:19,12.1,3.29,5.05
2020-08-25 16:10:19,9.81,4.41,4.42
2020-08-26 16:10:19,13.16,4.31,6.33
2020-08-27 16:10:19,9.39,4.23,6.41
2020-08-28 16:10:19,13.53,7.53,8.2
2020-08-29 16:10:19,11.09,4.25,5.11
2020-08-30 16:10:19,15.49,4.36,5.9
2020-08-31 16:10:19,9.1,6.8,8.04
2020-09-01 16:10:19,10.73,5.25,8.12
2020-09-02 16:10:19,8.91,6.88,5.92
2020-09-03 16:10:19,15.4,3.33,6.3
2020-09-04 16:10:19,15.02,5.44,5.52
2020-09-05 16:10:19,10.06,3.17,8.66
2020-09-06 16:10:19,13.28,3.31,4.59
2020-09-07 16:10:19,14.54,7.53,8.67
2020-09-08 16:10:19,12.44,3.7,7.42
2020-09-09 16:10:19,12.24,5.66,6.66
2020-09-10 16:10:19,9.93,5.06,4.16
2020-09-11 16:10:19,8.74,4.74,6.38
2020-09-12 16:10:19,15.18,7.5,6.04
2020-09-13 16:10:19,15.2,3.11,4.81
2020-09-14 16:10:19,13.06,6.32,7.28
2020-09-15 16:10:19,10.71,7.82,8.86
2020-09-16 16:10:19,10.79,5.8,6.81
2020-09-17 16:10:19,13.81,7.68,7.57
2020-09-18 16:10:19,15.18,3.26,4.34
2020-09-19 16:10:19,15.1,5.09,6.09
2020-09-20 16:10:19,14.24,4.3,4.58
2020-09-21 16:10:19,13.14,6.65,7.06
2020-09-22 16:10:19,8.67,7.91,8.69
2020-09-23 16:10:19,9.29,4.28,7.31
2020-09-24 16:10:19,15.19,6.27,4.38
2020-09-25 16:10:19,12.85,3.99,5.77
2020-09-26 16:10:19,8.07,5.83,6.75
2020-09-27 16:10:19,8.81,5.32,6.02
2020-09-28 16:10:19,13.31,7.86,8.17
2020-09-29 16:10:19,8.04,6.04,8.07
2020-09-30 16:10:19,9.29,4.75,7.06
2020-10-01 16:10:19,12.39,3.57,5.87
2020-10-02 16:10:19,13.54,3.76,5.28
2020-10-03 16:10:19,13.22,4.13,4.53
2020-10-04 16:10:19,9.79,4.25,5.77
2020-10-05 16:10:19,13.7,7.25,6.07
2020-10-06 16:10:19,9.9,5.81,7.38
2020-10-07 16:10:19,10.6,5.62,7.29
2020-10-08 16:10:19,13.97,3.57,4.35
2020-10-09 16:10:19,13.2,7.3,5.98
2020-10-10 16:10:19,14.79,6.61,4.91
2020-10-11 16:10:19,13.26,3.34,4.78
2020-10-12 16:10:19,12.55,6.54,8.14
2020-10-13 16:10:19,8.75,5.72,4.21
2020-10-14 16:10:19,10.94,3.41,6.1
2020-10-15 16:10:19,10.12,5.29,4.84
2020-10-16 16:10:19,9.95,5.42,8.4
2020-10-17 16:10:19,15.78,3.83,6.79
2020-10-18 16:10:19,11.14,7.73,5.16
2020-10-19 16:10:19,15.14,7.25,6.51
2020-10-20 16:10:19,13.05,6.35,7.66
2020-10-21 16:10:19,14.36,5.31,8.79
2020-10-22 16:10:19,12.02,5.06,5.1
2020-10-23 16:10:19,12.62,6.25,8.43
2020-10-24 16:10:19,11.94,5.73,8.67
2020-10-25 16:10:19,9.56,3.31,8.58
2020-10-26 16:10:19,13.78,5.56,7.18
2020-10-27 16:10:19,10.25,7.03,7.15
2020-10-28 16:10:19,8.19,5.3,6.02
2020-10-29 16:10:19,13.16,3.26,7.76
2020-10-30 16:10:19,9.42,6.93,6.66
2020-10-31 16:10:19,15.52,4.01,7.39
2020-11-01 16:10:19,15.63,4.29,6.14
2020-11-02 16:10:19,15.32,3.82,7.66
2020-11-03 16:10:19,10.96,4.65,8.12
2020-11-04 16:10:19,8.12,6.78,4.73
2020-11-05 16:10:19,15.43,5.6,8.16
2020-11-06 16:10:19,11.43,4.02,6.7
2020-11-07 16:10:19,15.73,7.39,8.22
2020-11-08 16:10:19,15.71,7.4,6.16
2020-11-09 16:10:19,14.82,7.35,5.9
2020-11-10 16:10:19,10.36,4.19,8.58
2020-11-11 16:10:19,11.08,5.26,5.26
2020-11-12 16:10:19,14.81,7.92,8.22
2020-11-13 16:10:19,10.54,6.86,6.42
2020-11-14 16:10:19,9.36,3.14,6.57
2020-11-15 16:10:19,12.45,3.33,5.54
2020-11-16 16:10:19,15.49,5.32,6.87
2020-11-17 16:10:19,13.57,7.55,5.63
2020-11-18 16:10:19,12.56,5.69,4.2
2020-11-19 16:10:19,8.78,5.49,5.36
2020-11-20 16:10:19,12.92,3.53,4.03
2020-11-21 16:10:19,15.92,6.28,8.89
2020-11-22 16:10:19,9.12,7.11,8.83
2020-11-23 16:10:19,12.15,4.9,5.98
2020-11-24 16:10:19,15.02,6.88,7.64
2020-11-25 16:10:19,13.93,7.82,5.73
2020-11-26 16:10:19,13.58,4.02,7.36
2020-11-27 16:10:19,13.62,5.62,8.03
2020-11-28 16:10:19,10.88,4.44,8.73
2020-11-29 16:10:19,10.35,6.96,6
2020-11-30 16:10:19,14.47,5.89,7.92
2020-12-01 16:10:19,14.48,6.17,5.33
2020-12-02 16:10:19,14.94,6.99,8.95
2020-12-03 16:10:19,15.31,4.98,4.13
2020-12-04 16:10:19,12.09,7.58,7.02
2020-12-05 16:10:19,12.01,5.67,7.3
2020-12-06 16:10:19,14.39,3.79,7.44
2020-12-07 16:10:19,13.2,6.48,4.6
2020-12-08 16:10:19,13.62,6.97,8.69
2020-12-09 16:10:19,14.37,4.58,4.91
2020-12-10 16:10:19,15.12,7.29,7.11
2020-12-11 16:10:19,10.7,7.53,5.11
2020-12-12 16:10:19,11,4.38,5.54
2020-12-13 16:10:19,8.75,7.92,6.73
2020-12-14 16:10:19,12.63,3.7,6.09
2020-12-15 16:10:19,8.29,4.01,4.8
2020-12-16 16:10:19,11.72,3.92,4.85
2020-12-17 16:10:19,12.34,7.47,6.09
2020-12-18 16:10:19,10.29,6.27,7.79
2020-12-19 16:10:19,12.73,3.76,8.49
2020-12-20 16:10:19,8.24,5.2,4.42
2020-12-21 16:10:19,8.3,6.08,5.97
2020-12-22 16:10:19,14.58,3.42,4.5
2020-12-23 16:10:19,10.88,7.41,4.08
2020-12-24 16:10:19,9.02,7.02,7.31
2020-12-25 16:10:19,12.18,5.53,7.01
2020-12-26 16:10:19,14.16,7.84,4.82
2020-12-27 16:10:19,9.73,5.09,5.17
2020-12-28 16:10:19,12.98,7.92,4.12
2020-12-29 16:10:19,8.68,6.34,8.17
2020-12-30 16:10:19,8.41,6.17,8.87
2020-12-31 16:10:19,12.25,3.83,4.68
2021-01-01 16:10:19,12.33,7.41,5.16
2021-01-02 16:10:19,13.1,5.14,8.34
2021-01-03 16:10:19,13.81,3.81,8.63
2021-01-04 16:10:19,15.81,3.06,6.1
2021-01-05 16:10:19,12.13,5.8,4.25
2021-01-06 16:10:19,10.58,5.64,4.2
2021-01-07 16:10:19,14.36,6.6,6.87
2021-01-08 16:10:19,10.17,7.45,5.96
2021-01-09 16:10:19,11.51,3.4,4.14
2021-01-10 16:10:19,8.63,6.66,6.92
2021-01-11 16:10:19,8.2,3.94,4.06
2021-01-12 16:10:19,15.7,7.29,7.94
2021-01-13 16:10:19,14.69,7.1,5.53
2021-01-14 16:10:19,13.57,5.7,4.2
2021-01-15 16:10:19,11.27,6.55,6.94
2021-01-16 16:10:19,9.39,4.57,5.99
2021-01-17 16:10:19,9.25,5.36,8.87
2021-01-18 16:10:19,10,7.11,6.72
2021-01-19 16:10:19,12.39,5.3,5.38
2021-01-20 16:10:19,13.72,4.79,7.55
2021-01-21 16:10:19,13.28,5.47,5.36
2021-01-22 16:10:19,10.24,7.14,8.52
2021-01-23 16:10:19,15.64,4.68,5.87
2021-01-24 16:10:19,13.9,3.87,6.75
2021-01-25 16:10:19,12.43,6.56,4.25
2021-01-26 16:10:19,12.89,7.13,6.13
2021-01-27 16:10:19,11.36,3.5,8.16
2021-01-28 16:10:19,9.98,4.2,8.03
2021-01-29 16:10:19,10.85,3.71,5.12
2021-01-30 16:10:19,14.06,4.74,5.13
2021-01-31 16:10:19,8.12,5.25,8.09
2021-02-01 16:10:19,8.93,6.74,8.65
2021-02-02 16:10:19,8.37,6.26,4.48
2021-02-03 16:10:19,8.33,6.1,6.25
2021-02-04 16:10:19,14.84,4.76,5.69
2021-02-05 16:10:19,13.63,7.21,8.35
2021-02-06 16:10:19,11.79,5.36,4.42
2021-02-07 16:10:19,8.78,7.9,5.06
2021-02-08 16:10:19,11.93,6.17,7.76
2021-02-09 16:10:19,11.79,3.63,4.26
2021-02-10 16:10:19,9.39,6.38,6.46
2021-02-11 16:10:19,11.47,4.63,6.21
2021-02-12 16:10:19,11.19,6.43,5.67
2021-02-13 16:10:19,12.93,3.35,5.97
2021-02-14 16:10:19,13.08,3.87,6.65
2021-02-15 16:10:19,8.36,7.28,4.81
2021-02-16 16:10:19,11,4.14,6.86
2021-02-17 16:10:19,13.01,7.19,8.03
2021-02-18 16:10:19,12.03,4.4,7.8
2021-02-19 16:10:19,14.85,6.21,4.77
2021-02-20 16:10:19,13.27,6.47,4.75
2021-02-21 16:10:19,9.3,5.56,5.34
2021-02-22 16:10:19,8.56,4.53,5.81
2021-02-23 16:10:19,13.14,4.06,6.04
2021-02-24 16:10:19,8.21,3.17,7.4
2021-02-25 16:10:19,12.69,4.52,4.28
2021-02-26 16:10:19,15.52,6.27,4.17
2021-02-27 16:10:19,12.6,7.69,5.96
2021-02-28 16:10:19,11.11,7.36,7.49
2021-03-01 16:10:19,13.15,6.83,4.97
2021-03-02 16:10:19,11.67,6.94,7.21
2021-03-03 16:10:19,12.36,6.32,5.3
2021-03-04 16:10:19,15.53,4.3,8.43
2021-03-05 16:10:19,11.09,7.54,8.48
2021-03-06 16:10:19,15.69,6.35,5.49
2021-03-07 16:10:19,15.24,5.8,5.15
2021-03-08 16:10:19,9.57,3.55,6.06
2021-03-09 16:10:19,8.55,5.24,5.2
2021-03-10 16:10:19,8.81,5.3,7.36
2021-03-11 16:10:19,8.15,7.32,8.13
2021-03-12 16:10:19,8.76,5.73,7.37
2021-03-13 16:10:19,13.46,4.9,8.12
2021-03-14 16:10:19,8.57,7.88,5.98
2021-03-15 16:10:19,10.55,3.55,4.78
2021-03-16 16:10:19,14.76,5.11,7.69
2021-03-17 16:10:19,8.19,3.21,5.8
2021-03-18 16:10:19,14.52,6.7,7.36
2021-03-19 16:10:19,10.25,7.59,5.35
2021-03-20 16:10:19,8.95,4.4,4.41
2021-03-21 16:10:19,13.57,7.29,8.96
2021-03-22 16:10:19,13.03,4.46,4.78
2021-03-23 16:10:19,15.02,7.55,8.94
2021-03-24 16:10:19,13.88,6.77,8.89
2021-03-25 16:10:19,14.43,7.02,7.97
2021-03-26 16:10:19,10.26,3.09,7.3
2021-03-27 16:10:19,9.42,7.81,6.89
2021-03-28 16:10:19,14,6.63,8.33
2021-03-29 16:10:19,14.45,4.52,5.45
2021-03-30 16:10:19,15.92,7.15,6.34
2021-03-31 16:10:19,11.3,4.41,7.1
2021-04-01 16:10:19,10.98,7.36,6.06
2021-04-02 16:10:19,14.21,3.56,6.14
2021-04-03 16:10:19,10.73,6.52,5.65
2021-04-04 16:10:19,15.45,5.7,6.82
2021-04-05 16:10:19,14.87,3.48,8.25
2021-04-06 16:10:19,11.43,4.21,5.01
2021-04-07 16:10:19,14.01,3.06,8.67
2021-04-08 16:10:19,14.04,5.34,7.45
2021-04-09 16:10:19,8.82,4.51,8.12
2021-04-10 16:10:19,15.22,5.99,6.78
2021-04-11 16:10:19,12.04,4.49,7.9
2021-04-12 16:10:19,14.61,4.5,4.08
2021-04-13 16:10:19,10.56,6.72,8.09
2021-04-14 16:10:19,15.16,3.24,4.2
2021-04-15 16:10:19,11.11,7.51,8.45
2021-04-16 16:10:19,8.09,7.26,8.96
2021-04-17 16:10:19,15.24,6.34,5.47
2021-04-18 16:10:19,8.73,5.97,5.05
2021-04-19 16:10:19,10.55,7.46,7.83
2021-04-20 16:10:19,15.6,3.93,5.27
2021-04-21 16:10:19,15.6,3.39,8.33
2021-04-22 16:10:19,12.59,4.2,4.51
2021-04-23 16:10:19,13.05,6.97,4.63
2021-04-24 16:10:19,11.59,3.17,8.9
2021-04-25 16:10:19,10.35,5.91,7.37
2021-04-26 16:10:19,10.63,7.98,8.23
2021-04-27 16:10:19,13.38,7.28,5.62
2021-04-28 16:10:19,14.02,5.61,7.38
2021-04-29 16:10:19,14.33,3.32,6.97
2021-04-30 16:10:19,14.32,7.16,7.02
2021-05-01 16:10:19,8.73,5.99,7.41
2021-05-02 16:10:19,11.96,3.57,6.88
2021-05-03 16:10:19,8.46,3.47,6.15
2021-05-04 16:10:19,12.4,7.55,5.38
2021-05-05 16:10:19,11.53,6.35,7.84
2021-05-06 16:10:19,15.1,7.15,5.13
2021-05-07 16:10:19,10.81,7.39,7.46
2021-05-08 16:10:19,8.94,5.86,5.17
2021-05-09 16:10:19,9.14,5.59,7.13
2021-05-10 16:10:19,14.09,5.15,7.74
2021-05-11 16:10:19,12.95,4.58,5.09
2021-05-12 16:10:19,8.81,5.17,4.3
2021-05-13 16:10:19,8.67,6.87,4.65
2021-05-14 16:10:19,13.61,6.01,7.03
2021-05-15 16:10:19,8.58,7.46,8.25
2021-05-16 16:10:19,14.57,5.22,4.22
2021-05-17 16:10:19,13.65,6.04,7.67
2021-05-18 16:10:19,8.65,6.16,5.71
2021-05-19 16:10:19,8.68,5.96,6.39
2021-05-20 16:10:19,15.89,6.51,8.64
2021-05-21 16:10:19,10.99,4.19,5.66
2021-05-22 16:10:19,10.97,5.56,6.33
2021-05-23 16:10:19,14.5,3.52,4.07
2021-05-24 16:10:19,15.58,4.92,4.41
2021-05-25 16:10:19,15.89,5.44,5.29
2021-05-26 16:10:19,14.03,6.26,4.14
2021-05-27 16:10:19,11.01,7.75,7.16
2021-05-28 16:10:19,8.67,6,6.13
2021-05-29 16:10:19,14.22,6.72,6.74
2021-05-30 16:10:19,12.47,5.53,4.87
2021-05-31 16:10:19,11.39,6.17,5.48
2021-06-01 16:10:19,15.25,3.35,7.32
2021-06-02 16:10:19,8.89,4.27,8.83
2021-06-03 16:10:19,11.94,4.81,4.25
2021-06-04 16:10:19,8.09,5.36,8.45
2021-06-05 16:10:19,11.75,3.23,6.88
2021-06-06 16:10:19,8.45,3.7,6.82
2021-06-07 16:10:19,8.95,4.38,6.5
2021-06-08 16:10:19,8.94,7.86,4.35
2021-06-09 16:10:19,13.19,4.66,4.45
2021-06-10 16:10:19,13.97,5.41,7
2021-06-11 16:10:19,12.67,3.98,5.7
2021-06-12 16:10:19,15.7,6.05,8.59
2021-06-13 16:10:19,11,4.4,6.03
2021-06-14 16:10:19,10.29,4.03,4.72
2021-06-15 16:10:19,14.95,5.58,7.57
2021-06-16 16:10:19,9.79,3.03,5.47
2021-06-17 16:10:19,15.71,3.04,6.63
2021-06-18 16:10:19,8.1,4.1,7.49
2021-06-19 16:10:19,15.76,3.18,8.5
2021-06-20 16:10:19,8.35,3.54,7.96
2021-06-21 16:10:19,15.13,4.69,7.38
2021-06-22 16:10:19,12.22,7.01,7.4
2021-06-23 16:10:19,15.94,5.86,8.73
2021-06-24 16:10:19,8.59,5.56,5.48
2021-06-25 16:10:19,12.43,4.47,4.01
2021-06-26 16:10:19,15.75,7.66,5.36
2021-06-27 16:10:19,12.18,4.99,5.09
2021-06-28 16:10:19,13.04,3.44,7.31
2021-06-29 16:10:19,13.57,6.09,7.17
2021-06-30 16:10:19,11.64,3.57,6.97
2021-07-01 16:10:19,13.02,4.73,4.08
2021-07-02 16:10:19,12.67,5.54,7.64
2021-07-03 16:10:19,15.21,7.37,5.62
2021-07-04 16:10:19,8.36,5.47,7.33
2021-07-05 16:10:19,10.25,6.51,6.78
2021-07-06 16:10:19,15.6,7.96,5.71
2021-07-07 16:10:19,15.12,3.66,4.67
2021-07-08 16:10:19,11.65,4.37,4.47
2021-07-09 16:10:19,12.96,4.97,8.16
2021-07-10 16:10:19,10.22,5.11,8.59
2021-07-11 16:10:19,9.5,5.06,7.25
2021-07-12 16:10:19,11.71,7.54,4.52
2021-07-13 16:10:19,10.83,6.57,6.01
2021-07-14 16:10:19,12.67,6.04,7.64
2021-07-15 16:10:19,8.62,4.55,7.9
2021-07-16 16:10:19,15.8,7.12,4.59
2021-07-17 16:10:19,15.89,7.78,4
2021-07-18 16:10:19,13.59,7.11,7.56
2021-07-19 16:10:19,12.29,3.01,5.78
2021-07-20 16:10:19,10.48,6.18,5.27
2021-07-21 16:10:19,14.51,3.26,4.06
2021-07-22 16:10:19,13.48,4.29,6.7
2021-07-23 16:10:19,9.3,3.3,8.26
2021-07-24 16:10:19,15.29,6.02,8.79
2021-07-25 16:10:19,14.58,6.43,6.83
2021-07-26 16:10:19,15.6,3.57,6.57
2021-07-27 16:10:19,13.81,4.92,4.43
2021-07-28 16:10:19,12.91,5.28,6.74
2021-07-29 16:10:19,11.35,4.85,5.9
2021-07-30 16:10:19,15.46,3.61,7.04
2021-07-31 16:10:19,14.93,5.09,5.94
2021-08-01 16:10:19,8.36,6.76,5.2
2021-08-02 16:10:19,8.21,3.36,4.47
2021-08-03 16:10:19,11.01,3.4,5.57
2021-08-04 16:10:19,14.48,4.77,4.48
2021-08-05 16:10:19,15.9,7.71,4.88
2021-08-06 16:10:19,9.2,6.34,8.94
2021-08-07 16:10:19,12.75,6.39,6.22
2021-08-08 16:10:19,11.05,4.81,6.66
2021-08-09 16:10:19,15.76,5.97,8.37
2021-08-10 16:10:19,14.74,3.05,8.98
2021-08-11 16:10:19,14.71,6.18,6.91
2021-08-12 16:10:19,11.75,7.57,8.06
2021-08-13 16:10:19,11.32,6.06,5.63
2021-08-14 16:10:19,10.19,7.37,5.53
2021-08-15 16:10:19,8.45,6.62,6.01
2021-08-16 16:10:19,14.92,3.6,7.36
2021-08-17 16:10:19,14.5,7.51,7.41
2021-08-18 16:10:19,16,3.33,5.58
2021-08-19 16:10:19,15.97,5.67,4.67
2021-08-20 16:10:19,12.44,3.71,7.16
2021-08-21 16:10:19,14.15,3.06,4.64
2021-08-22 16:10:19,15.56,5.11,6.89
2021-08-23 16:10:19,14.8,4.48,7.47
2021-08-24 16:10:19,9.98,5.43,7.5
2021-08-25 16:10:19,11.6,5.89,7.77
2021-08-26 16:10:19,9.03,3.22,8.36
2021-08-27 16:10:19,15.63,3.62,6.5
2021-08-28 16:10:19,12.85,5.79,7.65
2021-08-29 16:10:19,9.83,4.72,7.1
2021-08-30 16:10:19,13.37,6.65,4.93
2021-08-31 16:10:19,12.95,6.26,4.13
2021-09-01 16:10:19,10.87,7.23,5.42
2021-09-02 16:10:19,8.91,6.46,6.22
2021-09-03 16:10:19,13.37,5.15,7.09
2021-09-04 16:10:19,12.16,6.36,8.25
2021-09-05 16:10:19,14.18,4.38,4.98
2021-09-06 16:10:19,12.16,4.53,4.63
2021-09-07 16:10:19,14.82,6.94,8.82
2021-09-08 16:10:19,12.42,5.23,4.54
2021-09-09 16:10:19,12.49,6.99,6.39
2021-09-10 16:10:19,15.01,7.11,6.93
2021-09-11 16:10:19,11.23,7.29,6.71
2021-09-12 16:10:19,9.07,7.58,4.43
2021-09-13 16:10:19,8.23,5.15,4.29
2021-09-14 16:10:19,14.04,4.59,4.53
2021-09-15 16:10:19,12.96,5.91,6.93
2021-09-16 16:10:19,13.63,4.86,6.72
2021-09-17 16:10:19,9.7,6.01,5.17
2021-09-18 16:10:19,9.09,6.53,7.19
2021-09-19 16:10:19,8.12,6.44,8.1
2021-09-20 16:10:19,10.8,4.87,4.21
2021-09-21 16:10:19,12.72,3.83,6.49
2021-09-22 16:10:19,11.14,5.15,7.45
2021-09-23 16:10:19,11.5,3.71,5.26
2021-09-24 16:10:19,15.23,7.45,5.54
2021-09-25 16:10:19,10.79,4.73,7.07
2021-09-26 16:10:19,12.11,3.77,8.49
2021-09-27 16:10:19,14.27,3.13,8.05
2021-09-28 16:10:19,11.17,6.23,6.92
2021-09-29 16:10:19,12.98,6.18,7.65
2021-09-30 16:10:19,14.9,4.7,5.82
2021-10-01 16:10:19,15.6,3.36,7.2
2021-10-02 16:10:19,9.18,5.05,6.33
2021-10-03 16:10:19,15.41,4.56,4.95
2021-10-04 16:10:19,11.94,6.39,7.51
2021-10-05 16:10:19,10.07,6.03,6.78
2021-10-06 16:10:19,11.67,4.82,5.79
2021-10-07 16:10:19,15.84,4.09,8.56
2021-10-08 16:10:19,11.94,7.94,4.1
2021-10-09 16:10:19,10.63,5.27,5.58
2021-10-10 16:10:19,13.07,6.44,4.28
2021-10-11 16:10:19,9.92,3.7,7.83
2021-10-12 16:10:19,8.61,5.43,7.51
2021-10-13 16:10:19,9.03,3.14,5.66
2021-10-14 16:10:19,9.02,5.53,7.38
2021-10-15 16:10:19,9.22,7.82,5.98
2021-10-16 16:10:19,9.11,4.92,7.78
2021-10-17 16:10:19,13.13,3.19,6.27
2021-10-18 16:10:19,9.46,3.15,6.06
2021-10-19 16:10:19,10.77,4.94,8.67
2021-10-20 16:10:19,15.17,3.8,5.25
2021-10-21 16:10:19,11.79,3.12,4.6
2021-10-22 16:10:19,13.34,6.78,6.92
2021-10-23 16:10:19,9.38,5.29,8.85
2021-10-24 16:10:19,9.54,4.45,5.89
2021-10-25 16:10:19,8.33,7.5,4.31
2021-10-26 16:10:19,9.35,3.58,5.7
2021-10-27 16:10:19,10.23,7.78,6.53
2021-10-28 16:10:19,9.42,4.57,4.81
2021-10-29 16:10:19,8.71,7.44,7.29
2021-10-30 16:10:19,8.97,6.01,8.99
2021-10-31 16:10:19,11.69,7.13,6.26
2021-11-01 16:10:19,9.65,7.92,5.77
2021-11-02 16:10:19,10.91,4.44,6
2021-11-03 16:10:19,12.03,7.81,4.58
2021-11-04 16:10:19,13.52,4.95,8.42
2021-11-05 16:10:19,8.31,4.93,6.07
2021-11-06 16:10:19,14.4,4.7,5.94
2021-11-07 16:10:19,13.02,5.71,7.3
2021-11-08 16:10:19,8.65,3.77,6.21
2021-11-09 16:10:19,14.99,5.77,7.24
2021-11-10 16:10:19,15.37,5.71,4.31
2021-11-11 16:10:19,8.49,6.81,8.07
2021-11-12 16:10:19,10.22,7.17,8.7
2021-11-13 16:10:19,14.45,5.2,7.24
2021-11-14 16:10:19,13.99,4.51,8.77
2021-11-15 16:10:19,9.48,4.3,4.76
2021-11-16 16:10:19,9.67,3.97,6.39
2021-11-17 16:10:19,10.96,3.29,7.01
2021-11-18 16:10:19,11.88,4.71,6.91
2021-11-19 16:10:19,12.95,4.35,6.01
2021-11-20 16:10:19,10.95,7.83,5.69
2021-11-21 16:10:19,11.7,5.79,4.63
2021-11-22 16:10:19,13.98,4.74,5.96
2021-11-23 16:10:19,8.29,5.9,4.81
2021-11-24 16:10:19,10.02,3.7,7.67
2021-11-25 16:10:19,13.71,5.22,5.04
2021-11-26 16:10:19,15.16,6.13,4.29
2021-11-27 16:10:19,12.09,5.44,6.76
2021-11-28 16:10:19,12.26,5.01,6.98
2021-11-29 16:10:19,8.86,7.97,8.36
2021-11-30 16:10:19,11.58,7.4,6.88
2021-12-01 16:10:19,12.26,6.12,5.73
2021-12-02 16:10:19,9.94,5.85,8.02
2021-12-03 16:10:19,10.15,6.1,6.7
2021-12-04 16:10:19,11.02,4.01,4.4
2021-12-05 16:10:19,8.16,4.98,6.83
2021-12-06 16:10:19,10.58,3.2,8.54
2021-12-07 16:10:19,9.69,5.38,5.98
2021-12-08 16:10:19,10.62,5.72,5.48
2021-12-09 16:10:19,8.96,4.14,4.72
2021-12-10 16:10:19,15.12,7.82,4.76
2021-12-11 16:10:19,12.75,7.55,6.16
2021-12-12 16:10:19,13.43,6.61,6.98
2021-12-13 16:10:19,14.31,5.67,4.4
2021-12-14 16:10:19,11.99,7.35,8.7
2021-12-15 16:10:19,8.7,3.65,7.78
2021-12-16 16:10:19,12.3,6.95,6.93
2021-12-17 16:10:19,12.69,3.62,8.14
2021-12-18 16:10:19,13.96,6.97,4.4
2021-12-19 16:10:19,11.45,4.38,6.38
2021-12-20 16:10:19,9.02,7.39,7.15
2021-12-21 16:10:19,10.27,7.72,8.14
2021-12-22 16:10:19,10.9,3.74,7.92
2021-12-23 16:10:19,13.17,5.31,5.39
2021-12-24 16:10:19,12.57,7.9,8.7
2021-12-25 16:10:19,10.85,5.42,4.62
2021-12-26 16:10:19,15.89,7.32,8.38
2021-12-27 16:10:19,12.85,5.94,8.85
2021-12-28 16:10:19,9.9,4.88,4.89
2021-12-29 16:10:19,8.81,4.43,7.61
2021-12-30 16:10:19,9.22,4.02,4.2
2021-12-31 16:10:19,9.97,6.81,6.03
2022-01-01 16:10:19,9.29,4.93,6.58
2022-01-02 16:10:19,9.49,5.56,6.9
2022-01-03 16:10:19,10.28,5.46,8.68
2022-01-04 16:10:19,9.39,5.89,7.36
2022-01-05 16:10:19,15.17,7.33,6.41
2022-01-06 16:10:19,8.64,7.9,8.05
2022-01-07 16:10:19,12.2,5.04,8.75
2022-01-08 16:10:19,11.28,7.14,4.11
2022-01-09 16:10:19,15.86,6.82,8.91
2022-01-10 16:10:19,8.9,5.87,4.43
2022-01-11 16:10:19,11.18,7.78,8.07
2022-01-12 16:10:19,15.76,4,5.4
2022-01-13 16:10:19,14.92,3.55,4.66
2022-01-14 16:10:19,14.54,7.27,6.2
2022-01-15 16:10:19,10.06,5.2,7.22
2022-01-16 16:10:19,9.37,7.23,5.9
2022-01-17 16:10:19,13.35,7.47,4.27
2022-01-18 16:10:19,15.44,3.31,7
2022-01-19 16:10:19,12.45,7.42,8.51
2022-01-20 16:10:19,12.57,5.24,5.92
2022-01-21 16:10:19,10.24,5.55,5.08
2022-01-22 16:10:19,14.16,6.13,6.21
2022-01-23 16:10:19,9.5,7.63,4.24
2022-01-24 16:10:19,10.59,3.1,8.1
2022-01-25 16:10:19,11.4,5.38,8.13
2022-01-26 16:10:19,12.06,6.44,6.94
2022-01-27 16:10:19,9.94,6.61,5.77
2022-01-28 16:10:19,8.92,6.46,8
2022-01-29 16:10:19,12.88,3.67,6.77
2022-01-30 16:10:19,10.31,4.5,8.13
2022-01-31 16:10:19,12.65,4.79,7.16
2022-02-01 16:10:19,9.23,7.02,7.92
2022-02-02 16:10:19,11.85,4.39,6.99
2022-02-03 16:10:19,12.26,4.05,6.07
2022-02-04 16:10:19,8.41,7.79,8.79
2022-02-05 16:10:19,10.69,3.04,6.71
2022-02-06 16:10:19,9.08,7.99,7.03
2022-02-07 16:10:19,8.51,6.38,5.1
2022-02-08 16:10:19,15.92,7.14,7.13
2022-02-09 16:10:19,10.58,4.47,6.86
2022-02-10 16:10:19,14.48,3.07,4.92
2022-02-11 16:10:19,10.04,6.69,4.3
2022-02-12 16:10:19,13.45,7.17,7.02
2022-02-13 16:10:19,14.08,6.7,7.82
2022-02-14 16:10:19,12.77,3.71,6.62
2022-02-15 16:10:19,11.77,6.77,5.13
2022-02-16 16:10:19,11.29,6.84,7.33
2022-02-17 16:10:19,10.79,6.29,4.4
2022-02-18 16:10:19,15.44,6.83,6.21
2022-02-19 16:10:19,14.64,7.23,4.82
2022-02-20 16:10:19,15.72,6.07,4.92
2022-02-21 16:10:19,8.99,3.44,5.01
2022-02-22 16:10:19,13.85,5.44,5.93
2022-02-23 16:10:19,15.51,3.39,4.26
2022-02-24 16:10:19,9.45,5.04,5.99
2022-02-25 16:10:19,8.53,5.04,6.56
2022-02-26 16:10:19,13.93,3.33,6.42
2022-02-27 16:10:19,12.6,4.74,5.91
2022-02-28 16:10:19,14.73,3.55,8.2
2022-03-01 16:10:19,9.12,7.04,4.73
2022-03-02 16:10:19,14.36,7.74,6.53
2022-03-03 16:10:19,9.61,3.36,4.31
2022-03-04 16:10:19,9.31,7.78,4.36
2022-03-05 16:10:19,9.31,5.61,6.87
2022-03-06 16:10:19,14.52,4.5,6.83
2022-03-07 16:10:19,13.32,3.38,8.39
2022-03-08 16:10:19,12.18,5.5,6.79
2022-03-09 16:10:19,10.87,6.97,8.8
2022-03-10 16:10:19,15.02,6.54,4.24
2022-03-11 16:10:19,11.14,3.25,4.49
2022-03-12 16:10:19,14.53,3.36,4.22
2022-03-13 16:10:19,11.51,5.01,4.93
2022-03-14 16:10:19,11.02,4.48,6.71
2022-03-15 16:10:19,11.7,4.16,7.23
2022-03-16 16:10:19,10.41,4.41,4.23
2022-03-17 16:10:19,13.98,7.02,8.73
2022-03-18 16:10:19,12.02,7.65,8.21
2022-03-19 16:10:19,9.86,5.03,5.48
2022-03-20 16:10:19,15.2,7.53,4.39
2022-03-21 16:10:19,11.07,4.61,4.85
2022-03-22 16:10:19,12.35,5.38,4.63
2022-03-23 16:10:19,15.25,4.13,4.62
2022-03-24 16:10:19,12.99,6.2,6.59
2022-03-25 16:10:19,8.94,7.89,5.23
2022-03-26 16:10:19,15.52,6.02,5.79
2022-03-27 16:10:19,13.02,4.79,8.95
2022-03-28 16:10:19,10.68,6.24,7.42
2022-03-29 16:10:19,9.11,3.61,8.74
2022-03-30 16:10:19,14.35,7.44,4.71
2022-03-31 16:10:19,12.96,5.52,5.91
2022-04-01 16:10:19,12.27,5.25,6.77
2022-04-02 16:10:19,15.15,5.93,4.38
2022-04-03 16:10:19,14.31,6.12,4.02
2022-04-04 16:10:19,9.21,3.36,7.35
2022-04-05 16:10:19,10.49,6.41,7.21
2022-04-06 16:10:19,9.99,4.21,6.05
2022-04-07 16:10:19,13.95,6.57,6.45
2022-04-08 16:10:19,8.27,7.11,6.08
2022-04-09 16:10:19,12.56,7.02,4.12
2022-04-10 16:10:19,14.1,5.76,5.68
2022-04-11 16:10:19,15.01,5.6,4.89
2022-04-12 16:10:19,10.74,3.71,4.49
2022-04-13 16:10:19,14.57,6.88,8.78
2022-04-14 16:10:19,8.89,4.36,7
2022-04-15 16:10:19,14.77,5.48,7.64
2022-04-16 16:10:19,9.02,4.42,5.58
2022-04-17 16:10:19,11.18,3.67,5.97
2022-04-18 16:10:19,14.38,6.15,5.18
2022-04-19 16:10:19,9.2,3.27,4.48
2022-04-20 16:10:19,9.83,6.74,4.9
2022-04-21 16:10:19,13.78,4.59,7.99
2022-04-22 16:10:19,13.76,3,7.39
2022-04-23 16:10:19,13.13,5.56,6.73
2022-04-24 16:10:19,13.55,3.23,6.38
2022-04-25 16:10:19,12.34,4.38,8.61
2022-04-26 16:10:19,10.01,6.53,4.36
2022-04-27 16:10:19,10.77,3.31,5.4
2022-04-28 16:10:19,9.45,7.2,5.75
2022-04-29 16:10:19,15.27,3.02,7.91
2022-04-30 16:10:19,12.67,4.23,8.96
2022-05-01 16:10:19,11.21,6.7,5.2
2022-05-02 16:10:19,11.7,4.58,8.37
2022-05-03 16:10:19,15.58,3.51,8.15
2022-05-04 16:10:19,9.23,4.8,5.12
2022-05-05 16:10:19,12.69,4.35,6
2022-05-06 16:10:19,12.05,7.21,6.05
2022-05-07 16:10:19,12.89,4.57,8.89
2022-05-08 16:10:19,8.14,6.94,4.9
2022-05-09 16:10:19,14.98,7.46,8
2022-05-10 16:10:19,15.46,5.17,5.67
2022-05-11 16:10:19,12.52,7.55,7.65
2022-05-12 16:10:19,13.57,4.89,6.1
2022-05-13 16:10:19,15.38,7.82,6.89
2022-05-14 16:10:19,13.66,3.45,8.16
2022-05-15 16:10:19,9.22,6.44,8.02
2022-05-16 16:10:19,12.61,5.47,8.33
2022-05-17 16:10:19,12.85,4.94,4.3
2022-05-18 16:10:19,11.39,6.16,7.46
2022-05-19 16:10:19,13.89,6.52,4.7
2022-05-20 16:10:19,15.47,3.02,6.08
2022-05-21 16:10:19,15.4,3.83,6.74
2022-05-22 16:10:19,11.61,6.57,6.01
2022-05-23 16:10:19,8.91,6.33,6.6
2022-05-24 16:10:19,15.88,7.83,8.98
2022-05-25 16:10:19,14.71,6.81,4.68
2022-05-26 16:10:19,9,7.75,7.38
2022-05-27 16:10:19,15.37,6.51,5.98
2022-05-28 16:10:19,14.96,4.49,4.67
2022-05-29 16:10:19,12.15,3.53,4.79
2022-05-30 16:10:19,12.73,6.91,8.75
2022-05-31 16:10:19,11.19,6.22,8.4
2022-06-01 16:10:19,8.44,3.24,8.54
2022-06-02 16:10:19,10.68,4.8,8.96
2022-06-03 16:10:19,14.42,7.78,5.04
2022-06-04 16:10:19,8.04,5.5,5.78
2022-06-05 16:10:19,10.67,5.16,7.35
2022-06-06 16:10:19,11.19,5.29,6.42
2022-06-07 16:10:19,12.3,4.04,6.09
2022-06-08 16:10:19,15.36,4.84,5.79
2022-06-09 16:10:19,10.77,4.85,6.97
2022-06-10 16:10:19,10.78,3.26,6.88
2022-06-11 16:10:19,13.9,6.84,4.81
2022-06-12 16:10:19,11.62,5.08,6.36
2022-06-13 16:10:19,9.8,7.11,6.77
2022-06-14 16:10:19,11.62,7.25,6.85
2022-06-15 16:10:19,9.13,4.06,5.05
2022-06-16 16:10:19,9.41,6.29,7.71
2022-06-17 16:10:19,11.99,5.36,4.13
2022-06-18 16:10:19,11.35,7.4,5.77
2022-06-19 16:10:19,15.32,4.08,7.9
2022-06-20 16:10:19,10.9,6.39,6.82
2022-06-21 16:10:19,12.64,6.04,5.31
2022-06-22 16:10:19,13.06,4.48,7.47
2022-06-23 16:10:19,8.1,3.68,6.84
2022-06-24 16:10:19,13.31,6.26,7.98
2022-06-25 16:10:19,9.42,6.69,7.68
2022-06-26 16:10:19,15.69,4.58,7.05
2022-06-27 16:10:19,9.19,6.22,6.44
2022-06-28 16:10:19,11.32,4.98,4.67
2022-06-29 16:10:19,8.68,6.57,5.31
2022-06-30 16:10:19,15.97,4,6.1
2022-07-01 16:10:19,12.02,7.45,7
2022-07-02 16:10:19,12.76,4.44,6.57
2022-07-03 16:10:19,8.54,4.84,5.44
2022-07-04 16:10:19,14,3.29,4.03
2022-07-05 16:10:19,9.68,3.56,6.48
2022-07-06 16:10:19,15.18,5.58,5.43
2022-07-07 16:10:19,9.64,4.34,7.67
2022-07-08 16:10:19,9.53,7.18,4.12
2022-07-09 16:10:19,8.29,3.07,6.92
2022-07-10 16:10:19,11.78,4.9,8.71
2022-07-11 16:10:19,12.52,4.69,4.87
2022-07-12 16:10:19,8.53,3.1,6.36
2022-07-13 16:10:19,14.2,3.62,4.46
2022-07-14 16:10:19,11.63,5.07,7.13
2022-07-15 16:10:19,12.2,5.46,6.75
2022-07-16 16:10:19,11.53,5.02,6.04
2022-07-17 16:10:19,11.21,5.65,6.61
2022-07-18 16:10:19,12.48,5.98,8.48
2022-07-19 16:10:19,9.24,3.05,4.98
2022-07-20 16:10:19,9.46,5.32,4.11
2022-07-21 16:10:19,14.89,7.82,8.31
2022-07-22 16:10:19,15.57,5.6,6.89
2022-07-23 16:10:19,10.99,6.39,8.45
2022-07-24 16:10:19,10.17,4.56,6.98
2022-07-25 16:10:19,13.15,6.87,8.05
2022-07-26 16:10:19,11.27,6.86,6.15
2022-07-27 16:10:19,8.2,5.61,7.75
2022-07-28 16:10:19,9.25,7.88,8.57
2022-07-29 16:10:19,13.73,3.63,6.86
2022-07-30 16:10:19,13.27,3.08,4.9
2022-07-31 16:10:19,8.22,6.85,5.34
2022-08-01 16:10:19,9.78,7.04,4.99
2022-08-02 16:10:19,9.85,3.6,5.23
2022-08-03 16:10:19,13.38,4.33,5.53
2022-08-04 16:10:19,8.16,3.09,6.78
2022-08-05 16:10:19,8.83,4.47,6.94
2022-08-06 16:10:19,14.4,6.87,6.13
2022-08-07 16:10:19,9.43,5.59,7.08
2022-08-08 16:10:19,13.22,4.74,4.41
2022-08-09 16:10:19,9.91,4.86,4.44
2022-08-10 16:10:19,8.8,3.01,4.86
2022-08-11 16:10:19,9.95,4.5,6.59
2022-08-12 16:10:19,13.78,6.23,5.07
2022-08-13 16:10:19,14.85,7.87,5.42
2022-08-14 16:10:19,14.64,7.24,6
2022-08-15 16:10:19,11.18,3.12,8.06
2022-08-16 16:10:19,13.34,7.49,4.07
2022-08-17 16:10:19,9.64,6.92,7.25
2022-08-18 16:10:19,10.35,6.9,7.34
2022-08-19 16:10:19,15.17,5.29,7.99
2022-08-20 16:10:19,8.1,4.99,8.66
2022-08-21 16:10:19,8.68,4.51,4.1
2022-08-22 16:10:19,9.66,3.33,4.77
2022-08-23 16:10:19,8.21,4.14,8.43
2022-08-24 16:10:19,9.45,4.23,6.29
2022-08-25 16:10:19,12.66,5.42,6.82
2022-08-26 16:10:19,11.37,6.74,7.32
2022-08-27 16:10:19,15.14,5.37,7.4
2022-08-28 16:10:19,14.54,3.29,8.66
2022-08-29 16:10:19,10.73,7.79,8.98
2022-08-30 16:10:19,10.08,7.71,7.6
2022-08-31 16:10:19,11.04,6.93,5.44
2022-09-01 16:10:19,12.72,7.96,8.4
2022-09-02 16:10:19,10.14,5.72,4.25
2022-09-03 16:10:19,12.99,7.81,5.16
2022-09-04 16:10:19,11.28,3.38,8.49
2022-09-05 16:10:19,12.42,4.83,5.28
2022-09-06 16:10:19,11.49,4.13,5.1
2022-09-07 16:10:19,10.36,3.98,4.69
2022-09-08 16:10:19,15.59,3.7,8.3
2022-09-09 16:10:19,14.11,6.11,6.5
2022-09-10 16:10:19,9.12,6.91,7.37
2022-09-11 16:10:19,14.95,5.89,5.2
2022-09-12 16:10:19,11.9,3.73,7.79
2022-09-13 16:10:19,15.16,7.06,7.8
2022-09-14 16:10:19,14.4,6.18,5.56
2022-09-15 16:10:19,11.4,4.94,6.05
2022-09-16 16:10:19,8.18,6.37,5.05
2022-09-17 16:10:19,10.15,4.3,8.88
2022-09-18 16:10:19,12.33,4.73,7.23
2022-09-19 16:10:19,13.07,7.59,8.67
2022-09-20 16:10:19,10.06,4.45,5.52
2022-09-21 16:10:19,9.11,5.35,7.91
2022-09-22 16:10:19,14.68,7.45,7.83
2022-09-23 16:10:19,15.88,6.54,7.46
2022-09-24 16:10:19,12.21,3.31,8.83
2022-09-25 16:10:19,9.37,3.74,5.97
2022-09-26 16:10:19,10.18,3.04,4.65
2022-09-27 16:10:19,8.15,6.15,7.36
2022-09-28 16:10:19,15.31,5.24,7.65
2022-09-29 16:10:19,8.94,3.67,6.88
2022-09-30 16:10:19,12.61,7.79,5.03
2022-10-01 16:10:19,10.19,5.65,6.52
2022-10-02 16:10:19,12.43,4.21,5.56
2022-10-03 16:10:19,13.21,5.5,6.14
2022-10-04 16:10:19,14.64,6.4,7.23
2022-10-05 16:10:19,9.65,3.38,7.73
2022-10-06 16:10:19,8.09,4.37,5.16
2022-10-07 16:10:19,9.1,7.03,6.03
2022-10-08 16:10:19,15.2,5.3,5.35
2022-10-09 16:10:19,14.99,5.73,4.99
2022-10-10 16:10:19,12.78,5.16,7.92
2022-10-11 16:10:19,12.8,3.22,8.55
2022-10-12 16:10:19,13.32,3.83,5.85
2022-10-13 16:10:19,9.4,5.23,7.76
2022-10-14 16:10:19,15.32,4.05,8.48
2022-10-15 16:10:19,11.35,3.25,8.23
2022-10-16 16:10:19,11.07,7.22,4.91
2022-10-17 16:10:19,12.15,7.91,8.78
2022-10-18 16:10:19,8.38,6.97,5.88
2022-10-19 16:10:19,9.33,7.27,5.7
2022-10-20 16:10:19,13.9,4.21,4.31
2022-10-21 16:10:19,8.66,7.8,6.43
2022-10-22 16:10:19,12.83,3.98,4.55
2022-10-23 16:10:19,9.96,7.76,5.24
2022-10-24 16:10:19,11.11,7.97,5.58
2022-10-25 16:10:19,10.31,6.56,8.04
2022-10-26 16:10:19,10.85,7.91,8.38
2022-10-27 16:10:19,13.75,5.85,5.51
2022-10-28 16:10:19,10.38,4.3,8.29
2022-10-29 16:10:19,12.53,5.18,8.29
2022-10-30 16:10:19,11.81,5.97,7.82
2022-10-31 16:10:19,13.31,3.37,4.73
2022-11-01 16:10:19,15.49,6.11,7.45
2022-11-02 16:10:19,13.86,7.91,8.73
2022-11-03 16:10:19,9.72,3.95,7.41
2022-11-04 16:10:19,8.25,6.96,5.66
2022-11-05 16:10:19,10.1,7.54,6.5
2022-11-06 16:10:19,12.76,7.72,7.23
2022-11-07 16:10:19,8.41,7.8,6.55
2022-11-08 16:10:19,11.97,5.61,4.6
2022-11-09 16:10:19,12.77,7.89,5.56
2022-11-10 16:10:19,10.67,6.79,8.01
2022-11-11 16:10:19,14.17,3.81,8.31
2022-11-12 16:10:19,8.85,5.38,4.69
2022-11-13 16:10:19,8.6,6.59,8.76
2022-11-14 16:10:19,13.83,4.24,5.64
2022-11-15 16:10:19,11.96,6.2,7.31
2022-11-16 16:10:19,13.51,6.33,7.76
2022-11-17 16:10:19,11.48,3.81,8.06
2022-11-18 16:10:19,9.97,5.83,8.73
2022-11-19 16:10:19,14.55,6.86,5.56
2022-11-20 16:10:19,14.4,5.49,8.29
2022-11-21 16:10:19,13.56,3.06,4.66
2022-11-22 16:10:19,10.18,3.05,7.53
2022-11-23 16:10:19,12.72,4.79,7.71
2022-11-24 16:10:19,10.89,7.63,7.39
2022-11-25 16:10:19,8.73,4.14,5.26
2022-11-26 16:10:19,15.34,6.17,8.37
2022-11-27 16:10:19,9.09,4.11,4.84
2022-11-28 16:10:19,15.6,4.61,4.27
2022-11-29 16:10:19,11.57,7.24,7.59
2022-11-30 16:10:19,9.48,6.64,6.38
2022-12-01 16:10:19,12.34,3.48,8.25
2022-12-02 16:10:19,14.98,5.14,5.92
2022-12-03 16:10:19,13.86,3.15,4.84
2022-12-04 16:10:19,14.45,5.4,8.18
2022-12-05 16:10:19,13.27,6.31,6.74
2022-12-06 16:10:19,13.54,3.59,4.95
2022-12-07 16:10:19,14.79,4.44,7.6
2022-12-08 16:10:19,10,4.99,6.56
2022-12-09 16:10:19,11.92,7.6,7.02
2022-12-10 16:10:19,9.77,7.97,6.3
2022-12-11 16:10:19,15.9,3.22,8.14
2022-12-12 16:10:19,15.55,6.81,8.15
2022-12-13 16:10:19,8.32,4.86,7.55
2022-12-14 16:10:19,13.64,4.96,4.53
2022-12-15 16:10:19,15.4,6.77,8.19
2022-12-16 16:10:19,9.44,7.59,7.36
2022-12-17 16:10:19,12.54,7.75,7.49
2022-12-18 16:10:19,15.32,5.89,5.81
2022-12-19 16:10:19,8.27,4.79,8.4
2022-12-20 16:10:19,13.58,6.94,7.63
2022-12-21 16:10:19,10.38,4.26,4.56
2022-12-22 16:10:19,15.4,5.82,6.04
2022-12-23 16:10:19,15.77,4.79,8.43
2022-12-24 16:10:19,15.55,6.28,4.24
2022-12-25 16:10:19,11.79,4.2,8.81
2022-12-26 16:10:19,14.9,3.96,7.4
2022-12-27 16:10:19,14.76,7.59,7.16
2022-12-28 16:10:19,10.55,3.51,5.35
2022-12-29 16:10:19,14.63,5.53,5.24
2022-12-30 16:10:19,8.3,4.1,8.71
2022-12-31 16:10:19,12.77,3.19,5.49
2023-01-01 16:10:19,9.84,3.18,7.88
2023-01-02 16:10:19,8.96,3.88,5.97
2023-01-03 16:10:19,8.62,7.33,4.7
2023-01-04 16:10:19,13.57,4.41,4.05
2023-01-05 16:10:19,10.72,7.75,6.72
2023-01-06 16:10:19,13.8,5.91,8.88
2023-01-07 16:10:19,8.52,5.18,5.85
2023-01-08 16:10:19,10.52,5.9,5.79
2023-01-09 16:10:19,12.32,5.58,5.72
2023-01-10 16:10:19,14.33,6.79,6.6
2023-01-11 16:10:19,10.55,4.41,6.2
2023-01-12 16:10:19,13.01,4.77,8.4
2023-01-13 16:10:19,15.09,7.47,6.53
2023-01-14 16:10:19,12.93,7.73,6.54
2023-01-15 16:10:19,9.86,7.46,4.69
2023-01-16 16:10:19,8.2,5.1,8.91
2023-01-17 16:10:19,14.96,6.9,5.25
2023-01-18 16:10:19,8.17,5.38,4.37
2023-01-19 16:10:19,15,5.49,7.32
2023-01-20 16:10:19,12.23,4.02,6.98
2023-01-21 16:10:19,15.51,5.96,6.08
2023-01-22 16:10:19,14.39,3.93,6.11
2023-01-23 16:10:19,15.98,4.66,7.93
2023-01-24 16:10:19,10.81,7.28,4.98
2023-01-25 16:10:19,14.14,4.04,8.1
2023-01-26 16:10:19,11.22,3.36,7.24
2023-01-27 16:10:19,11.84,3.35,6.09
2023-01-28 16:10:19,13.02,7.7,6.29
2023-01-29 16:10:19,14.99,5.53,5.28
2023-01-30 16:10:19,15.87,5.05,7.76
2023-01-31 16:10:19,14.15,7.05,6.56
2023-02-01 16:10:19,11.34,7.18,5.6
2023-02-02 16:10:19,11.37,4.66,6.98
2023-02-03 16:10:19,13.9,6.47,8.98
2023-02-04 16:10:19,9.91,6.86,6.18
2023-02-05 16:10:19,8.88,6.27,8.6
2023-02-06 16:10:19,10.84,3.76,5.73
2023-02-07 16:10:19,10.3,7.38,4.27
2023-02-08 16:10:19,10.37,5.7,5.02
2023-02-09 16:10:19,9.87,4.41,6.09
2023-02-10 16:10:19,8.34,5.13,5.1
2023-02-11 16:10:19,8.14,3.19,4
2023-02-12 16:10:19,15.9,3.64,8.58
2023-02-13 16:10:19,11.42,6.83,8.22
2023-02-14 16:10:19,11.07,3,7.71
2023-02-15 16:10:19,13.44,5.08,4.84
2023-02-16 16:10:19,9.75,5.61,4.6
2023-02-17 16:10:19,15.6,3.27,4.34
2023-02-18 16:10:19,14.29,7.87,7.62
2023-02-19 16:10:19,8.72,4.13,8.64
2023-02-20 16:10:19,11.34,4.52,6.15
2023-02-21 16:10:19,15.03,4.52,4.6
2023-02-22 16:10:19,15.56,4.15,6.56
2023-02-23 16:10:19,11.74,3.01,5.74
2023-02-24 16:10:19,12.91,6.65,5.87
2023-02-25 16:10:19,9.34,7.83,7.11
2023-02-26 16:10:19,15.93,4.12,7.59
2023-02-27 16:10:19,9.85,6.32,4.55
2023-02-28 16:10:19,15.54,6.71,4.18
2023-03-01 16:10:19,13.2,7.24,8.97
2023-03-02 16:10:19,12.86,5.11,5.16
2023-03-03 16:10:19,12.1,4.51,4.27
2023-03-04 16:10:19,9.85,4.63,4.95
2023-03-05 16:10:19,9.41,6.56,4.19
2023-03-06 16:10:19,9.76,7.08,5.96
2023-03-07 16:10:19,9.49,3.91,8.01
2023-03-08 16:10:19,14.24,4.85,5.71
2023-03-09 16:10:19,10.8,7.51,6.22
2023-03-10 16:10:19,8.46,7.03,7.38
2023-03-11 16:10:19,15.75,7.92,6.54
2023-03-12 16:10:19,15.07,6.77,8.31
2023-03-13 16:10:19,15.42,4.97,8.33
2023-03-14 16:10:19,15.96,5.95,4.05
2023-03-15 16:10:19,9.39,6.31,7.89
2023-03-16 16:10:19,11.17,3.39,6.3
2023-03-17 16:10:19,14.07,5.72,8.94
2023-03-18 16:10:19,13.57,6.55,6.42
2023-03-19 16:10:19,9.23,3.84,8.93
2023-03-20 16:10:19,14.53,6.9,7.77
2023-03-21 16:10:19,9.8,5.92,5.24
2023-03-22 16:10:19,9.79,7.76,6.69
2023-03-23 16:10:19,12.3,3.21,8.96
2023-03-24 16:10:19,12.74,4.33,8.29
2023-03-25 16:10:19,12.64,6.01,4.49
2023-03-26 16:10:19,8.73,4.48,7.53
2023-03-27 16:10:19,15.02,6.57,5.73
2023-03-28 16:10:19,10.12,6.8,4.03
2023-03-29 16:10:19,9.04,3.51,6.02
2023-03-30 16:10:19,15.11,5.57,5.17
2023-03-31 16:10:19,15.65,5.54,8.09
2023-04-01 16:10:19,14.9,4.85,5.69
2023-04-02 16:10:19,14.48,7.66,8.14
2023-04-03 16:10:19,13.24,7.14,4
2023-04-04 16:10:19,12.41,6.49,5.54
2023-04-05 16:10:19,8.7,6.57,5.21
2023-04-06 16:10:19,11.27,5.31,5.17
2023-04-07 16:10:19,10.98,7.6,4.34
2023-04-08 16:10:19,10.08,6.47,4.94
2023-04-09 16:10:19,13.79,6.64,6.78
2023-04-10 16:10:19,11.97,7.31,5.46
2023-04-11 16:10:19,8.65,4.37,6.09
2023-04-12 16:10:19,9.76,7.04,5.88
2023-04-13 16:10:19,13.47,3.98,8.38
2023-04-14 16:10:19,8.61,4.73,8.53
2023-04-15 16:10:19,14.81,4.68,6.46
2023-04-16 16:10:19,11.96,7.89,5.65
2023-04-17 16:10:19,11.84,7.28,4.53
2023-04-18 16:10:19,12.74,6.51,8.77
2023-04-19 16:10:19,14.6,6.64,4.3
2023-04-20 16:10:19,10.78,5.81,5.49
2023-04-21 16:10:19,13.42,7.74,5.49
2023-04-22 16:10:19,12.53,5.48,5.6
2023-04-23 16:10:19,10.14,4.9,4.82
2023-04-24 16:10:19,15.03,3.82,7.92
2023-04-25 16:10:19,14.38,6.93,4.61
2023-04-26 16:10:19,13.27,6.67,7.17
2023-04-27 16:10:19,14.8,4.92,4.62
2023-04-28 16:10:19,14.94,3.13,4.35
2023-04-29 16:10:19,13.67,7.19,8.55
2023-04-30 16:10:19,14.7,3.06,4.95
2023-05-01 16:10:19,13.58,6.52,8.11
2023-05-02 16:10:19,13.44,7.85,6.72
2023-05-03 16:10:19,12.95,5.19,4.39
2023-05-04 16:10:19,14.02,4.17,8.78
2023-05-05 16:10:19,9.27,6.52,5.23
2023-05-06 16:10:19,15.05,7.09,8.3
2023-05-07 16:10:19,14.97,5.73,4.84
2023-05-08 16:10:19,8.23,7.84,8.27
2023-05-09 16:10:19,14.61,3.26,4.07
2023-05-10 16:10:19,9.03,5.52,6.56
2023-05-11 16:10:19,10.68,6.59,7.85
2023-05-12 16:10:19,13.95,7.31,8.67
2023-05-13 16:10:19,9.29,3.9,8.55
2023-05-14 16:10:19,14.54,7,8.1
2023-05-15 16:10:19,14.66,5.76,8.44
2023-05-16 16:10:19,12.06,4.98,5
2023-05-17 16:10:19,8.05,3.66,5.42
2023-05-18 16:10:19,10.3,7.33,5.44
2023-05-19 16:10:19,12.94,3.79,5.89
2023-05-20 16:10:19,15.85,4.55,5.97
2023-05-21 16:10:19,13.05,4.45,6.72
2023-05-22 16:10:19,10.08,7.36,4.8
2023-05-23 16:10:19,13.07,6.36,7.46
2023-05-24 16:10:19,12.32,6.98,4.84
2023-05-25 16:10:19,14.24,4.25,5.55
2023-05-26 16:10:19,8.86,6.12,6.52
2023-05-27 16:10:19,14.09,5.86,7.98
2023-05-28 16:10:19,12.33,7.16,7.7
2023-05-29 16:10:19,15.7,7.53,7.23
2023-05-30 16:10:19,10.73,3.06,4.78
2023-05-31 16:10:19,13.06,6.37,6.74
2023-06-01 16:10:19,15.46,3.26,4.44
2023-06-02 16:10:19,8.82,5.74,5.89
2023-06-03 16:10:19,15.5,4.44,6.07
2023-06-04 16:10:19,13.5,4.53,4.2
2023-06-05 16:10:19,8.54,4.76,5.37
2023-06-06 16:10:19,10.41,6.11,8.78
2023-06-07 16:10:19,13.67,4.67,8.77
2023-06-08 16:10:19,8.54,6.66,5.76
2023-06-09 16:10:19,12.66,5.02,4.22
2023-06-10 16:10:19,10.77,3.34,4.9
2023-06-11 16:10:19,12.97,6.92,5.96
2023-06-12 16:10:19,8.37,4.43,8.74
2023-06-13 16:10:19,14.97,5.16,4.71
2023-06-14 16:10:19,15.79,6.43,7.82
2023-06-15 16:10:19,15.75,4.66,4.54
2023-06-16 16:10:19,14,3.28,8.91
2023-06-17 16:10:19,9.04,4.87,5.91
2023-06-18 16:10:19,14.07,7.72,7.88
2023-06-19 16:10:19,8.2,6.21,5.71
2023-06-20 16:10:19,8.18,6.36,7.14
2023-06-21 16:10:19,10.59,6.16,4.96
2023-06-22 16:10:19,11.91,3.99,4.73
2023-06-23 16:10:19,14.16,5.09,8.69
2023-06-24 16:10:19,13.47,6.75,8.59
2023-06-25 16:10:19,11.57,3.51,8.44
2023-06-26 16:10:19,10.19,4.39,7.13
2023-06-27 16:10:19,15.98,4.38,8.04
2023-06-28 16:10:19,11.41,5.16,4.35
2023-06-29 16:10:19,11.61,7.9,5.67
2023-06-30 16:10:19,9.31,3.34,5.57
2023-07-01 16:10:19,14.36,5.59,7.18
2023-07-02 16:10:19,13.55,3.9,5.78
2023-07-03 16:10:19,9.77,7.85,4.74
2023-07-04 16:10:19,8.66,3.57,6.98
2023-07-05 16:10:19,13.44,5.02,8.07
2023-07-06 16:10:19,13.24,6.69,5.91
2023-07-07 16:10:19,10.19,6.52,4.66
2023-07-08 16:10:19,15.61,5.11,4.98
2023-07-09 16:10:19,9.21,4.73,5.19
2023-07-10 16:10:19,11.46,4.99,5.5
2023-07-11 16:10:19,15.55,4.32,7.21
2023-07-12 16:10:19,11.36,4.03,7
2023-07-13 16:10:19,13.11,5.42,7.48
2023-07-14 16:10:19,11.18,4.34,5.81
2023-07-15 16:10:19,10.19,4.44,8.12
2023-07-16 16:10:19,15.87,6.28,5.02
2023-07-17 16:10:19,11.27,7.84,6.35
2023-07-18 16:10:19,15.15,6.02,8
2023-07-19 16:10:19,9.84,3.38,4.9
2023-07-20 16:10:19,9.7,3.38,4.55
2023-07-21 16:10:19,8.25,7.76,8.42
2023-07-22 16:10:19,13.21,4.49,5.71
2023-07-23 16:10:19,10.95,3.46,7.42
2023-07-24 16:10:19,14.91,6,4.13
2023-07-25 16:10:19,11.79,6.12,7.45
2023-07-26 16:10:19,15.75,6.24,5.58
2023-07-27 16:10:19,9.48,4.34,4.28
2023-07-28 16:10:19,14.95,3.08,7.05
2023-07-29 16:10:19,14.21,7.83,5.2
2023-07-30 16:10:19,14.17,4.25,5.93
2023-07-31 16:10:19,14.76,6.38,4.4
2023-08-01 16:10:19,14.09,6.53,4.74
2023-08-02 16:10:19,13.01,6.05,5.49
2023-08-03 16:10:19,9.05,4.56,4.45
2023-08-04 16:10:19,8.26,4.36,8.55
2023-08-05 16:10:19,15.37,5.99,4.03
2023-08-06 16:10:19,12.93,7.33,6.42
2023-08-07 16:10:19,14.37,7.73,4.62
2023-08-08 16:10:19,11.85,3.53,5.54
2023-08-09 16:10:19,8.94,3.77,8.63
2023-08-10 16:10:19,9,7.72,4.81
2023-08-11 16:10:19,13.48,6.68,8.83
2023-08-12 16:10:19,11.44,7.41,5.03
2023-08-13 16:10:19,9.6,4.01,7.71
2023-08-14 16:10:19,11.93,5.94,6.73
2023-08-15 16:10:19,8.51,6.51,8.42
2023-08-16 16:10:19,12.66,6.4,6.77
2023-08-17 16:10:19,10.15,5.04,6.67
2023-08-18 16:10:19,14.38,3.08,4.98
2023-08-19 16:10:19,10.48,5.91,4.83
2023-08-20 16:10:19,11.64,4.27,8.58
2023-08-21 16:10:19,8.09,5.25,5.64
2023-08-22 16:10:19,8.58,7.79,5.86
2023-08-23 16:10:19,11.14,5,7.8
2023-08-24 16:10:19,11.84,7.2,5.69
2023-08-25 16:10:19,12.8,3.94,8.76
2023-08-26 16:10:19,10.33,6.36,7.69
2023-08-27 16:10:19,13.56,7.89,6.99
2023-08-28 16:10:19,14.88,3.51,8.4
2023-08-29 16:10:19,14.24,3.04,4.25
2023-08-30 16:10:19,8.32,5.17,5.29
2023-08-31 16:10:19,11.84,3.46,6.33
2023-09-01 16:10:19,8.84,6.74,5.13
2023-09-02 16:10:19,9.94,7.57,7.72
2023-09-03 16:10:19,15.89,5.17,8.6
2023-09-04 16:10:19,9.14,4.29,6.12
2023-09-05 16:10:19,11.99,5.17,5.71
2023-09-06 16:10:19,12.95,6.62,8.81
2023-09-07 16:10:19,13.62,3.05,6.22
2023-09-08 16:10:19,12.48,5.95,6.45
2023-09-09 16:10:19,8.08,6.07,5.76
2023-09-10 16:10:19,10.61,6.19,8.55
2023-09-11 16:10:19,12.14,4.21,6.84
2023-09-12 16:10:19,8.7,6.57,7.81
2023-09-13 16:10:19,10.81,3.46,8.06
2023-09-14 16:10:19,8.27,4,5.71
2023-09-15 16:10:19,8.63,7.39,6.17
2023-09-16 16:10:19,11.18,6.69,8.24
2023-09-17 16:10:19,9.06,3.07,5.82
2023-09-18 16:10:19,12.54,4.24,7.97
2023-09-19 16:10:19,13.52,4.07,8.7
2023-09-20 16:10:19,14.4,4.35,7.12
2023-09-21 16:10:19,9.6,4.24,7.71
2023-09-22 16:10:19,9.34,3.31,8.03
2023-09-23 16:10:19,8.84,5.29,8.23
2023-09-24 16:10:19,13.09,6.66,5.98
2023-09-25 16:10:19,13.65,6.03,4.26
2023-09-26 16:10:19,8.25,6.36,6.01
2023-09-27 16:10:19,15.49,3.41,7.37
2023-09-28 16:10:19,8.42,7.76,6.25
2023-09-29 16:10:19,12.33,7.19,7.74
2023-09-30 16:10:19,13.67,7.03,5.78
2023-10-01 16:10:19,14.97,7.11,7.17
2023-10-02 16:10:19,13.71,7.66,4.93
2023-10-03 16:10:19,14.41,5.72,7.75
2023-10-04 16:10:19,10.72,4,6.73
2023-10-05 16:10:19,14.52,6.08,5.02
2023-10-06 16:10:19,8.64,6.71,5.46
2023-10-07 16:10:19,15.16,6.69,7.74
2023-10-08 16:10:19,12.38,5.61,6.41
2023-10-09 16:10:19,14.54,3.34,5.08
2023-10-10 16:10:19,11.62,4.86,8.84
2023-10-11 16:10:19,13.15,7.6,7.58
2023-10-12 16:10:19,12.21,5.92,8.79
2023-10-13 16:10:19,13.85,5.69,6.14
2023-10-14 16:10:19,8.65,4.34,6.38
2023-10-15 16:10:19,8.48,4.84,8.49
2023-10-16 16:10:19,9.98,7.48,6.63
2023-10-17 16:10:19,9.28,6.33,7.54
2023-10-18 16:10:19,14.97,6.94,5.26
2023-10-19 16:10:19,9.75,5.27,6.23
2023-10-20 16:10:19,15.81,6.15,4.62
2023-10-21 16:10:19,10.7,4.24,5.03
2023-10-22 16:10:19,9.46,6.53,4
2023-10-23 16:10:19,14.32,5.14,4.2
2023-10-24 16:10:19,13.27,5.21,8.89
2023-10-25 16:10:19,11.99,6.25,5.21
2023-10-26 16:10:19,12.44,7.68,7.32
2023-10-27 16:10:19,13.75,3.32,8.2
2023-10-28 16:10:19,9.83,7.12,6.75
2023-10-29 16:10:19,15.97,4.46,4.77
2023-10-30 16:10:19,15.8,5.22,7.64
2023-10-31 16:10:19,13.2,3.11,7
2023-11-01 16:10:19,9.6,4.51,7.66
2023-11-02 16:10:19,13.44,5.51,7.85
2023-11-03 16:10:19,8.58,3.28,8.88
2023-11-04 16:10:19,8.25,5.46,6.87
2023-11-05 16:10:19,10.06,7.64,5.71
2023-11-06 16:10:19,11.7,3.53,7.24
2023-11-07 16:10:19,14.95,6.82,4.34
2023-11-08 16:10:19,13.82,5.05,8.49
2023-11-09 16:10:19,13.94,6.28,4.6
2023-11-10 16:10:19,11.4,4.3,5.64
2023-11-11 16:10:19,10.77,3.8,8.08
2023-11-12 16:10:19,10.97,3.8,6.99
2023-11-13 16:10:19,15.9,3.35,5.97
2023-11-14 16:10:19,8.32,3.93,6.37
2023-11-15 16:10:19,14.94,6.32,8.27
2023-11-16 16:10:19,12.63,7.41,5.7
2023-11-17 16:10:19,11.51,7.07,8.35
2023-11-18 16:10:19,13.8,6.43,4.44
2023-11-19 16:10:19,11.89,3.55,7.88
2023-11-20 16:10:19,14.99,4.45,8.24
2023-11-21 16:10:19,15.21,4.55,4.91
2023-11-22 16:10:19,11.37,4.25,6.15
2023-11-23 16:10:19,10.21,5.58,4.83
2023-11-24 16:10:19,12.74,5.68,7.53
2023-11-25 16:10:19,15.3,4.78,6.68
2023-11-26 16:10:19,9.69,4.77,7.18
2023-11-27 16:10:19,12.98,7.14,4.98
2023-11-28 16:10:19,13.05,6.95,5.06
2023-11-29 16:10:19,13.86,4.54,4.21
2023-11-30 16:10:19,9.05,7.57,5.61
2023-12-01 16:10:19,13.73,7.76,6.8
2023-12-02 16:10:19,15.27,4.63,8.29
2023-12-03 16:10:19,9.44,4.77,7.33
2023-12-04 16:10:19,9.9,5.53,6.18
2023-12-05 16:10:19,15.77,7.71,8.77
2023-12-06 16:10:19,9.45,7.38,7.6
2023-12-07 16:10:19,14.84,3.51,8.65
2023-12-08 16:10:19,11.94,4.96,6.64
2023-12-09 16:10:19,9.98,5.77,5.29
2023-12-10 16:10:19,14.97,5.52,4.26
2023-12-11 16:10:19,11.56,3.97,7.63
2023-12-12 16:10:19,12.12,7.29,4.61
2023-12-13 16:10:19,10.87,6.38,5.51
2023-12-14 16:10:19,12.74,7.19,6.66
2023-12-15 16:10:19,9.31,7.29,6.82
2023-12-16 16:10:19,11.13,6.74,7
2023-12-17 16:10:19,15.76,5.2,4.83
2023-12-18 16:10:19,10.07,6.05,5.9
2023-12-19 16:10:19,13.25,3.8,7.09
2023-12-20 16:10:19,10.6,6.37,8.85
2023-12-21 16:10:19,14.19,3.9,7.64
2023-12-22 16:10:19,9.05,6.47,8.61
2023-12-23 16:10:19,15.76,4.15,7.81
2023-12-24 16:10:19,11.63,3.59,6.96
2023-12-25 16:10:19,9.89,3.83,4.96
2023-12-26 16:10:19,8.59,3.01,7.33
2023-12-27 16:10:19,9.36,6.59,7.12
2023-12-28 16:10:19,12.16,6.66,7.01
2023-12-29 16:10:19,10.7,5.57,6.45
2023-12-30 16:10:19,14.63,3.81,6.64
2023-12-31 16:10:19,11.45,3.42,5.67
2024-01-01 16:10:19,9.99,3.1,6.6
2024-01-02 16:10:19,12.94,3.83,4.99
2024-01-03 16:10:19,13.65,7.45,8.03
2024-01-04 16:10:19,9.34,4.21,4.93
2024-01-05 16:10:19,9.34,4.77,4.42
2024-01-06 16:10:19,8.29,3.53,6.18
2024-01-07 16:10:19,13.89,4.11,7.29
2024-01-08 16:10:19,13.31,5.6,6.19
2024-01-09 16:10:19,11.8,6.04,5.38
2024-01-10 16:10:19,14.75,4.23,6.79
2024-01-11 16:10:19,14.45,3.29,5.74
2024-01-12 16:10:19,12.68,4.96,8.66
2024-01-13 16:10:19,14.95,4.17,8.61
2024-01-14 16:10:19,9.65,4.1,6.51
2024-01-15 16:10:19,8.9,7.8,5.64
2024-01-16 16:10:19,10.16,6.08,7.69
2024-01-17 16:10:19,8.46,5.78,4.18
2024-01-18 16:10:19,12.25,5.08,6.37
2024-01-19 16:10:19,15.49,5.14,5.68
2024-01-20 16:10:19,8.31,5.7,8.6
2024-01-21 16:10:19,8.98,6.48,4.06
2024-01-22 16:10:19,11.62,6.51,6.76
2024-01-23 16:10:19,15.47,3.86,7.7
2024-01-24 16:10:19,10.53,5.5,6.43
2024-01-25 16:10:19,12.06,5.06,4.43
2024-01-26 16:10:19,8.33,7.35,8.86
2024-01-27 16:10:19,9.19,6.16,6.59
2024-01-28 16:10:19,15.89,5.66,7.07
2024-01-29 16:10:19,15.72,3.58,5.18
2024-01-30 16:10:19,8.04,6.03,6.42
2024-01-31 16:10:19,15.61,3.59,6.15
2024-02-01 16:10:19,13.11,4.69,4.37
2024-02-02 16:10:19,14.94,3.71,4.53
2024-02-03 16:10:19,11.64,6.46,8.19
2024-02-04 16:10:19,12.12,4.03,5.2
2024-02-05 16:10:19,11.91,4.96,4.97
2024-02-06 16:10:19,13.33,7.48,6.52
2024-02-07 16:10:19,9.12,4.02,7.84
2024-02-08 16:10:19,8.24,5.54,4.31
2024-02-09 16:10:19,10.46,5.1,6.88
2024-02-10 16:10:19,13.64,3.09,4.6
2024-02-11 16:10:19,9.61,6.96,4.18
2024-02-12 16:10:19,13.39,3.35,4.26
2024-02-13 16:10:19,15.76,5.37,8.17
2024-02-14 16:10:19,8.75,5.8,4.59
2024-02-15 16:10:19,13.38,6.14,4.23
2024-02-16 16:10:19,11.55,6.44,6.19
2024-02-17 16:10:19,14.95,4.27,8.22
2024-02-18 16:10:19,9.42,3.05,5.31
2024-02-19 16:10:19,13.54,6.62,6.11
2024-02-20 16:10:19,14.7,5.68,4.2
2024-02-21 16:10:19,15.56,7.18,6.25
2024-02-22 16:10:19,13.47,7.11,6.89
2024-02-23 16:10:19,11.98,7.22,6.85
2024-02-24 16:10:19,12.94,5.43,5.66
2024-02-25 16:10:19,14.95,4.67,5.58
2024-02-26 16:10:19,12.56,6.96,4.53
2024-02-27 16:10:19,8.24,5.26,5.83
2024-02-28 16:10:19,15.45,3.92,4.5
2024-02-29 16:10:19,13.52,7.27,7.83
2024-03-01 16:10:19,13.41,7.41,8.83
2024-03-02 16:10:19,9.73,5.33,8.85
2024-03-03 16:10:19,13.27,3.38,8.33
2024-03-04 16:10:19,11.15,4.94,7
2024-03-05 16:10:19,13.21,7.02,7.5
2024-03-06 16:10:19,8.85,7.51,5.43
2024-03-07 16:10:19,13.26,4.02,7.15
2024-03-08 16:10:19,16,3.33,6.28
2024-03-09 16:10:19,8.39,7.39,6.41
2024-03-10 16:10:19,15.82,4.95,7.79
2024-03-11 16:10:19,11.26,5.71,5.41
2024-03-12 16:10:19,14.97,7.84,5.59
2024-03-13 16:10:19,14.26,3.33,8.62
2024-03-14 16:10:19,12.54,6.24,4.28
2024-03-15 16:10:19,13.91,3.37,6.43
2024-03-16 16:10:19,15.03,4.88,8.56
2024-03-17 16:10:19,11.23,7.02,7.05
2024-03-18 16:10:19,10.62,5.17,6.73
2024-03-19 16:10:19,13.34,7.99,5.25
2024-03-20 16:10:19,14.46,5.8,5.72
2024-03-21 16:10:19,14.1,4.61,8.26
2024-03-22 16:10:19,14.38,4.1,6.8
2024-03-23 16:10:19,11.48,4.75,6.57
2024-03-24 16:10:19,14.54,4.86,4.5
2024-03-25 16:10:19,8.96,3.34,4.08
2024-03-26 16:10:19,12.36,4.85,8.82
2024-03-27 16:10:19,8.05,5.32,5.88
2024-03-28 16:10:19,10.6,6.61,7.02
2024-03-29 16:10:19,10.93,6.28,4.4
2024-03-30 16:10:19,11.17,6.54,7.42
2024-03-31 16:10:19,13.56,3.04,8.66
2024-04-01 16:10:19,11.11,4.09,6.88
2024-04-02 16:10:19,11.59,6.31,4.63
2024-04-03 16:10:19,9.9,5.42,6.91
2024-04-04 16:10:19,10.99,3.03,7.83
2024-04-05 16:10:19,9.82,7.02,6.03
2024-04-06 16:10:19,8.59,6.86,8.4
2024-04-07 16:10:19,12.83,5.74,7.24
2024-04-08 16:10:19,13.35,3.33,8.5
2024-04-09 16:10:19,12.96,6.83,7.12
2024-04-10 16:10:19,11.71,5.92,4.66
2024-04-11 16:10:19,11.04,6.91,5.55
2024-04-12 16:10:19,14.91,6.76,5.01
2024-04-13 16:10:19,12.15,7.02,8.54
2024-04-14 16:10:19,11.83,5.59,7.8
2024-04-15 16:10:19,8.21,3.7,7.38
2024-04-16 16:10:19,10.73,6.36,5.5
2024-04-17 16:10:19,11.04,6.1,4.92
2024-04-18 16:10:19,11.19,6.71,7.78
2024-04-19 16:10:19,12.64,3.85,6.37
2024-04-20 16:10:19,12.27,3.97,5.13
2024-04-21 16:10:19,12.86,7.45,7.08
2024-04-22 16:10:19,14.12,6.75,4.2
2024-04-23 16:10:19,14.5,7.54,5.63
2024-04-24 16:10:19,13.74,6.79,6.34
2024-04-25 16:10:19,15.64,5.99,4.74
2024-04-26 16:10:19,8.15,6.27,8.92
2024-04-27 16:10:19,9.57,7.45,5.05
2024-04-28 16:10:19,8.06,5.89,4.65
2024-04-29 16:10:19,13.18,6.16,5.02
2024-04-30 16:10:19,15.18,3.78,7.85
2024-05-01 16:10:19,9.95,5.37,6.13
2024-05-02 16:10:19,15.42,6.58,6.83
2024-05-03 16:10:19,8.48,4.35,4.11
2024-05-04 16:10:19,15.48,4.01,4.17
2024-05-05 16:10:19,10.81,4.57,6.23
2024-05-06 16:10:19,8.81,4.21,8.08
2024-05-07 16:10:19,11.89,4.07,8.43
2024-05-08 16:10:19,10.05,5.12,4.43
2024-05-09 16:10:19,10.28,7.54,6.69
2024-05-10 16:10:19,10.46,5.54,8.57
2024-05-11 16:10:19,14.42,3.94,5.94
2024-05-12 16:10:19,12.31,3.38,8.15
2024-05-13 16:10:19,10.49,6.48,4.67
2024-05-14 16:10:19,12.88,4.91,8.68
2024-05-15 16:10:19,13.73,7.11,7.76
2024-05-16 16:10:19,10.18,6.3,8.71
2024-05-17 16:10:19,11.31,6.98,7.38
2024-05-18 16:10:19,8.98,4.36,5.82
2024-05-19 16:10:19,9.45,6.46,8.69
2024-05-20 16:10:19,13.45,4.32,5.38
2024-05-21 16:10:19,9.45,7.7,5.66
2024-05-22 16:10:19,12.2,6.18,7.5
2024-05-23 16:10:19,13.67,4.62,7.83
2024-05-24 16:10:19,8.86,4.35,8.65
2024-05-25 16:10:19,12.54,3.95,5.02
2024-05-26 16:10:19,10.05,6.47,7.99
2024-05-27 16:10:19,15.7,4.09,7.69
2024-05-28 16:10:19,11.87,5.98,4.32
2024-05-29 16:10:19,14.45,4.32,5.94
2024-05-30 16:10:19,12.4,6.31,5.41
2024-05-31 16:10:19,8.35,7.07,5.52
2024-06-01 16:10:19,13.07,6.89,8.91
2024-06-02 16:10:19,15.61,6.8,7.21
2024-06-03 16:10:19,12.81,3.94,7.59
2024-06-04 16:10:19,14.55,3.44,8.88
2024-06-05 16:10:19,15.07,6.49,5.89
2024-06-06 16:10:19,9.82,4.84,8.01
2024-06-07 16:10:19,9.7,5.16,6.17
2024-06-08 16:10:19,12.89,3.16,8.35
2024-06-09 16:10:19,11.29,4.3,4.9
2024-06-10 16:10:19,14.72,3.17,8.74
2024-06-11 16:10:19,15.2,7.4,5.09
2024-06-12 16:10:19,10.83,4.22,5.63
2024-06-13 16:10:19,9.89,5.79,7.78
2024-06-14 16:10:19,14.24,3.19,5.97
2024-06-15 16:10:19,10.2,6.33,7.04
2024-06-16 16:10:19,14.58,4.62,6.22
2024-06-17 16:10:19,11.39,7.49,7.71
2024-06-18 16:10:19,13.34,7.44,5.14
2024-06-19 16:10:19,8.76,4.63,4.29
2024-06-20 16:10:19,12.99,7.5,5.5
2024-06-21 16:10:19,11.61,7.98,6.37
2024-06-22 16:10:19,12.69,7.13,4.84
2024-06-23 16:10:19,9.34,7.22,5.77
2024-06-24 16:10:19,13.89,4.25,6
2024-06-25 16:10:19,14.9,5.88,4.29
2024-06-26 16:10:19,9.73,3.34,6.92
2024-06-27 16:10:19,8.77,3.47,8.42
2024-06-28 16:10:19,8.19,7.99,4.76
2024-06-29 16:10:19,13.14,4.63,6.99
2024-06-30 16:10:19,12.86,6.74,7.32
2024-07-01 16:10:19,12.37,7.03,6.1
2024-07-02 16:10:19,9.86,7.29,7.51
2024-07-03 16:10:19,11.13,7.99,6.05
2024-07-04 16:10:19,12.76,4.21,6.52
2024-07-05 16:10:19,11.97,3.2,4.04
2024-07-06 16:10:19,15.9,5.06,7.46
2024-07-07 16:10:19,9.09,3.65,7.31
2024-07-08 16:10:19,13.56,3.11,4.19
2024-07-09 16:10:19,11.23,4.8,5.84
2024-07-10 16:10:19,11.43,6.92,8.9
2024-07-11 16:10:19,13.74,5.83,6.1
2024-07-12 16:10:19,13.54,4.56,6.51
2024-07-13 16:10:19,15.93,6.27,8.55
2024-07-14 16:10:19,9.03,4.16,7.59
2024-07-15 16:10:19,8.83,3.07,6.91
2024-07-16 16:10:19,13.79,6.82,7.99
2024-07-17 16:10:19,12.63,6.12,8.32
2024-07-18 16:10:19,10.19,6.81,6.28
2024-07-19 16:10:19,8.64,3.19,6.38
2024-07-20 16:10:19,8.69,7.19,5.93
2024-07-21 16:10:19,15.15,6.1,8.83
2024-07-22 16:10:19,9.53,5.82,7.49
2024-07-23 16:10:19,10.59,6.12,4.42
2024-07-24 16:10:19,9.81,7.32,8.31
2024-07-25 16:10:19,10.84,5.93,6.4
2024-07-26 16:10:19,8.56,5.9,4.34
2024-07-27 16:10:19,12.15,7.95,6.75
2024-07-28 16:10:19,8.54,6.78,6.09
2024-07-29 16:10:19,14.4,5.21,8.39
2024-07-30 16:10:19,9.87,6.54,5.02
2024-07-31 16:10:19,12.32,4.95,8.13
2024-08-01 16:10:19,15.04,4.14,6.79
2024-08-02 16:10:19,13.21,5.98,4.27
2024-08-03 16:10:19,12.26,7.64,8.86
2024-08-04 16:10:19,10.59,7.65,6.56
2024-08-05 16:10:19,10.66,4.71,5.45
2024-08-06 16:10:19,13.36,5.64,6.35
2024-08-07 16:10:19,15.95,4.06,8.29
2024-08-08 16:10:19,13.29,7.98,5.52
2024-08-09 16:10:19,12.46,7.91,4.96
2024-08-10 16:10:19,13.85,6.25,4.65
2024-08-11 16:10:19,11.72,7.02,5.49
2024-08-12 16:10:19,8.48,6.58,7.9
2024-08-13 16:10:19,12.5,5.97,6.36
2024-08-14 16:10:19,15.66,3.27,5.14
2024-08-15 16:10:19,9.4,5.27,4.83
2024-08-16 16:10:19,13.52,6.37,5.66
2024-08-17 16:10:19,9.61,6.39,8.7
2024-08-18 16:10:19,12.29,4.87,5.72
2024-08-19 16:10:19,8.77,7.71,8.94
2024-08-20 16:10:19,11.6,3.84,6.43
2024-08-21 16:10:19,14.05,5.5,4.9
2024-08-22 16:10:19,10.78,6.45,8.46
2024-08-23 16:10:19,13.32,6.49,6.3
2024-08-24 16:10:19,14.36,6.24,7.55
2024-08-25 16:10:19,15.42,4.38,8.92
2024-08-26 16:10:19,9.88,3.78,4.25
2024-08-27 16:10:19,11.19,6.18,4.48
2024-08-28 16:10:19,9.22,6,7.6
2024-08-29 16:10:19,15.94,3.9,5.41
2024-08-30 16:10:19,15.42,6.53,4.92
2024-08-31 16:10:19,12.32,5.28,4.2
2024-09-01 16:10:19,14.74,6.34,4.11
2024-09-02 16:10:19,12.17,7.19,7.87
2024-09-03 16:10:19,12.99,3.85,4.67
2024-09-04 16:10:19,8.71,3.1,6.34
2024-09-05 16:10:19,14.04,6.9,7.03
2024-09-06 16:10:19,9.02,6.05,6.14
2024-09-07 16:10:19,14.61,6.5,4.14
2024-09-08 16:10:19,14.26,7.19,7.92
2024-09-09 16:10:19,13.67,7.01,4.05
2024-09-10 16:10:19,8.29,7.8,7.81
2024-09-11 16:10:19,10.43,5.68,8.47
2024-09-12 16:10:19,10.1,5.44,6.16
2024-09-13 16:10:19,10.88,5.01,6.68
2024-09-14 16:10:19,8.7,3.77,6.38
2024-09-15 16:10:19,15.5,5.86,5.95
2024-09-16 16:10:19,12.43,4.39,8.44
2024-09-17 16:10:19,10.44,7.61,8.47
2024-09-18 16:10:19,11.18,5.92,5.68
2024-09-19 16:10:19,11.58,5.96,7.08
2024-09-20 16:10:19,12.8,4.77,8.63
2024-09-21 16:10:19,12.13,3.26,8.81
2024-09-22 16:10:19,15.36,3.16,6.54
2024-09-23 16:10:19,11.98,5.12,6.26
2024-09-24 16:10:19,15.94,3.42,5.39
2024-09-25 16:10:19,14.81,6.03,8.79
2024-09-26 16:10:19,9.67,7.4,4.71
2024-09-27 16:10:19,15.44,7.41,6.9
2024-09-28 16:10:19,8.93,6.3,5.41
2024-09-29 16:10:19,14.54,4.06,5.4
2024-09-30 16:10:19,11.04,7.31,6.02
2024-10-01 16:10:19,15.02,7.43,8.99
2024-10-02 16:10:19,14.94,3.98,4.27
2024-10-03 16:10:19,14.45,6.69,6.89
2024-10-04 16:10:19,14.32,4.43,4.41
2024-10-05 16:10:19,10.44,7.01,4.77
2024-10-06 16:10:19,8.65,7.99,6.2
2024-10-07 16:10:19,11.22,3.15,6.55
2024-10-08 16:10:19,9.39,7.49,5.29
2024-10-09 16:10:19,13.56,6.11,5.58
2024-10-10 16:10:19,10.77,7.87,4.43
2024-10-11 16:10:19,15.8,5.33,5.52
2024-10-12 16:10:19,13.13,7.24,8.83
2024-10-13 16:10:19,14.58,3.31,8.72
2024-10-14 16:10:19,9.06,4.68,5.67
2024-10-15 16:10:19,14.9,3.34,6.85
2024-10-16 16:10:19,15.38,7.88,8.55
2024-10-17 16:10:19,11.9,7.08,4.03
2024-10-18 16:10:19,12.85,7.26,8.05
2024-10-19 16:10:19,14.12,7.69,8.74
2024-10-20 16:10:19,9.4,3.43,4.46
2024-10-21 16:10:19,12.02,4.93,4.81
2024-10-22 16:10:19,11.19,3.36,8.8
2024-10-23 16:10:19,9.17,4.05,6.69
2024-10-24 16:10:19,10.94,4.15,4.07
2024-10-25 16:10:19,8.55,5.35,5.29
2024-10-26 16:10:19,8.21,4.34,6.25
2024-10-27 16:10:19,9.08,3.5,7.46
2024-10-28 16:10:19,15.7,3.84,7.67
2024-10-29 16:10:19,12.4,3.74,8.98
2024-10-30 16:10:19,15.73,7.87,5.44
2024-10-31 16:10:19,11.46,6.8,6.69
2024-11-01 16:10:19,10.49,7.84,6.67
2024-11-02 16:10:19,12.05,5.2,6.03
2024-11-03 16:10:19,11.52,4.39,4.85
2024-11-04 16:10:19,8.85,6.99,8.89
2024-11-05 16:10:19,13.13,4.63,8.27
2024-11-06 16:10:19,9.73,4.5,6.49
2024-11-07 16:10:19,12.96,4.16,7.02
2024-11-08 16:10:19,13.2,3.65,5.14
2024-11-09 16:10:19,9.22,4.28,6.72
2024-11-10 16:10:19,8.49,4.78,7.47
2024-11-11 16:10:19,14.25,6.37,6.58
2024-11-12 16:10:19,11.68,3.31,8.95
2024-11-13 16:10:19,8.47,4.05,7.06
2024-11-14 16:10:19,15.96,7.05,5.85
2024-11-15 16:10:19,8.46,3.73,7.86
2024-11-16 16:10:19,13.56,4.71,4.85
2024-11-17 16:10:19,15.87,7.32,5.92
2024-11-18 16:10:19,9.91,3.77,5.73
2024-11-19 16:10:19,9.14,3.41,6.16
2024-11-20 16:10:19,8.97,5.42,7.91
2024-11-21 16:10:19,10.43,4.51,6.42
2024-11-22 16:10:19,8.81,5.82,7.97
2024-11-23 16:10:19,13.54,7.02,6.88
2024-11-24 16:10:19,8.5,3.69,5.71
2024-11-25 16:10:19,12.08,5.9,8.05
2024-11-26 16:10:19,15.97,5.53,5.19
2024-11-27 16:10:19,14.51,3.72,5.12
2024-11-28 16:10:19,12.92,6.12,6.52
2024-11-29 16:10:19,10.45,4.37,5.3
2024-11-30 16:10:19,12.99,5.44,4.05
2024-12-01 16:10:19,12.22,3.41,7.24
2024-12-02 16:10:19,11.41,5.3,6.56
2024-12-03 16:10:19,9.05,4.53,6.23
2024-12-04 16:10:19,15.09,7.11,8.83
2024-12-05 16:10:19,11.6,3.28,6.86
2024-12-06 16:10:19,9.56,5.09,8.32
2024-12-07 16:10:19,10.94,5.29,4.7
2024-12-08 16:10:19,11.31,6.63,6.85
2024-12-09 16:10:19,14.62,5.87,8.34
2024-12-10 16:10:19,13.87,6.34,6.92
2024-12-11 16:10:19,14.15,6.89,7.59
2024-12-12 16:10:19,8.09,7.31,5.86
2024-12-13 16:10:19,11.33,4.57,4.46
2024-12-14 16:10:19,11.85,5.69,6.29
2024-12-15 16:10:19,8.15,7.2,5.97
2024-12-16 16:10:19,10.08,7.95,8.34
2024-12-17 16:10:19,14.08,7.45,5.22
2024-12-18 16:10:19,9.1,4.86,8.83
2024-12-19 16:10:19,12.28,3.98,8.79
2024-12-20 16:10:19,9.72,5.45,5.24
2024-12-21 16:10:19,8.1,6.71,5.74
2024-12-22 16:10:19,9.93,5.46,8.48
2024-12-23 16:10:19,15.81,5.42,8.83
2024-12-24 16:10:19,14.41,7.19,6.22
2024-12-25 16:10:19,15.68,4.81,5.6
2024-12-26 16:10:19,11.9,7.3,6.63
2024-12-27 16:10:19,8.88,5.03,7.44
2024-12-28 16:10:19,12.38,4.64,5.37
2024-12-29 16:10:19,11.64,5.27,7.68
2024-12-30 16:10:19,14.75,6.81,4.26
2024-12-31 16:10:19,8.78,3.63,4.25
2025-01-01 16:10:19,11.91,3.98,5.93
2025-01-02 16:10:19,9.2,7.76,5.77
2025-01-03 16:10:19,10.6,3.88,5.58
2025-01-04 16:10:19,13.9,5.84,6.46
2025-01-05 16:10:19,11.81,5.9,5.6
2025-01-06 16:10:19,11.01,5.45,4.96
2025-01-07 16:10:19,11.16,6.22,5.55
2025-01-08 16:10:19,11.68,4.15,8.87
2025-01-09 16:10:19,14.28,5.76,6.06
2025-01-10 16:10:19,15.14,4.86,6.22
2025-01-11 16:10:19,15.64,6.31,6.88
2025-01-12 16:10:19,14.3,3.71,8.92
2025-01-13 16:10:19,10.52,5.85,5.21
2025-01-14 16:10:19,13.51,3.93,7.41
2025-01-15 16:10:19,11.5,4.39,7.58
2025-01-16 16:10:19,10.04,4.09,7.04
2025-01-17 16:10:19,14.73,3.91,4.44
2025-01-18 16:10:19,8.31,7.13,7.38
2025-01-19 16:10:19,15.21,4.43,4.32
2025-01-20 16:10:19,11.69,7.64,6.98
2025-01-21 16:10:19,13.1,7.85,7.7
2025-01-22 16:10:19,13.27,5.86,5.05
2025-01-23 16:10:19,15.16,3.72,8.21
2025-01-24 16:10:19,13.09,4.87,4.15
2025-01-25 16:10:19,12.91,6.99,8.22
2025-01-26 16:10:19,8.53,4.84,6.3
2025-01-27 16:10:19,12.15,3.44,5.09
2025-01-28 16:10:19,9.2,5.78,4.67
2025-01-29 16:10:19,13.9,7.23,8.77
2025-01-30 16:10:19,12.1,6.98,4.36
2025-01-31 16:10:19,13.44,3.88,5
2025-02-01 16:10:19,8.33,6.36,5.74
2025-02-02 16:10:19,8.68,4.1,7.1
2025-02-03 16:10:19,13.73,4.09,6.72
2025-02-04 16:10:19,8.58,7.37,4.63
2025-02-05 16:10:19,8.57,4.25,5.45
2025-02-06 16:10:19,8.1,4.32,5.19
2025-02-07 16:10:19,15.65,3,5.07
2025-02-08 16:10:19,13.9,7.35,6.06
2025-02-09 16:10:19,10.83,6.96,7.52
2025-02-10 16:10:19,10.37,6.14,5.09
2025-02-11 16:10:19,10.8,6.75,5.83
2025-02-12 16:10:19,14.2,3.76,5.95
2025-02-13 16:10:19,13.29,5.29,8.88
2025-02-14 16:10:19,9.48,4.76,8.77
2025-02-15 16:10:19,9.39,3.47,8
2025-02-16 16:10:19,8.79,5.43,5.21
2025-02-17 16:10:19,13.28,7.6,4.34
2025-02-18 16:10:19,14.11,3.2,5.58
2025-02-19 16:10:19,10.12,4.46,5.33
2025-02-20 16:10:19,8.17,4.04,6.53
2025-02-21 16:10:19,8.66,4.19,7.89
2025-02-22 16:10:19,15.74,7.54,8.29
2025-02-23 16:10:19,10.36,5.34,8.22
2025-02-24 16:10:19,14.15,5.33,5.8
2025-02-25 16:10:19,13,6.8,7.44
2025-02-26 16:10:19,11.06,3.77,5.56
2025-02-27 16:10:19,9.65,5.44,4.3
2025-02-28 16:10:19,8.97,5.15,7.51
2025-03-01 16:10:19,12.92,5.98,4.05
2025-03-02 16:10:19,14.2,8,6.05
2025-03-03 16:10:19,13.15,6.85,5.65
2025-03-04 16:10:19,12.24,4.99,7.47